labels,text
1,"Sin ser fan de Juan Gabriel, siempre supe que era una fuerza de la naturaleza. Hoy escuch√© ""Querida"", y me dio una ternura enorme."
2,ayer preguntaban y d√≥nde est√°n las solteras!!!! todo mi grupo alza la mano y yo la √∫nica que no y todas voltean a verme AJAJAJAJAJJA
2,"Que el finde sea para hacer cualquier cosa que a uno lo haga FELIZ, lo que sea pero que sea lo que a uno le de la reverenda gana"
2,"Elige amar, as√≠ duela, as√≠ parezca un imposible, as√≠ te tiemble el alma, as√≠ tengas miedo, as√≠ vayas a salir herida. El amor transforma"
0,"Hoy me sent√≠ como grace de ""al fondo hay sitio"" cuando la atropellaron, solo que no fue de mentira y casi no la cuento que horrible"
2,"@Fiorela_Gue aw ! reci√©n veo esto, sorrry ! tu pues me dices algo y luego queda en nada vamos hoy a la reu de mi prima? le dije a Mari"
1,hoy me toco visitar a mam√° en su descanso eterno le contare todo lo que vivo ella fue es y siempre sera mi MEJOR AMIGA sin igual
1,"Las remuneraciones econ√≥micas son lo que todos esperan, pero un ""me encanta lo que has hecho"", lo vale todo. El cliente es primero."
2,"@sadalienpotato ¬øOpto por el rapado? En serio, estoy muy confusa. (Y admito que me lo corto por aburrimiento, como el 99% de la gente)"
1,Lo que mas amo de mi escritorio es que hay una foto de el y m√≠a juntos aparte de mi cuarto mis cuadro tambi√©n est√°n de el
2,"+Saliste ayer? -No, me qued√© en casa. +Qu√© aburrido te has vuelto! -Eso no dices cuando llega la quincena y no tienes ni para el pasaje."
2,"es el tercer d√≠a de clases, ya tengo 4 tns de tarea, no he instalado ning√∫n software y acabo de despertar de una siesta de 7 horas"
2,"@BartanSoo12 Pero t√∫ ya sabes por qu√© le digo as√≠ a Yixing ya s√© que no es feo (?) HDKSJSKSKS Y SI ME HA PASADO LO MISMO, KYUNGSOO BEB√â"
2,"Un chico de mi universidad se me acerc√≥ y me dijo tienes unos ojos y unas pesta√±as bien bonitas, solo atine a decir gracias y me fui rojo"
0,"No s√© si los maltrataban de verdad pero me dio penita ver eso No me gusto eso, no son objetos para que los traten as√≠. Me indigna tanto"
2,"@Rosa_Forno Tejida en t√©cnica de crochet (S√≥lo tejida con las manos - ""Mi dedo es un Crochet"") Tiempo R√©cord de ejecuci√≥n: 3 horas..!!!"
0,"Dicen q lo bueno dura poco Aveces pienso q es as√≠ y me pone triste,pero recuerdo q mas triste es fijarse en alguien q no se lo merece"
2,@squall_drifter @PokemonGOespana me sucede lo mismo
2,Sin sue√±o pero tranquilo pues ya tom√© la pastilla. Esta medicina me lo indic√≥ la Dta para cada 8 horas. La siguuente ser√° a las 8:30 am
2,"Tengo 4 horas de ""webin"" y ni idea de qu√© hacer  Aqu√≠ no puedo poner m√∫sica a lo fiesta patronal como con Sarita o Max"
2,"@gaston_acurio 'Francamente' QU√â?... Vamos, no a todos (ni todo el tiempo) nos tiene que parecer perfecto cada cosa que Ud. hace o dice."
2,"@strikesmarano nop, solo consta de 4 canciones, asi que fue un ep. Yo queria klss your self completa WE MISS THE A&A CAST"
1,Mi Jefazo hermoso @AlejandroSanz #DejaQueTeBese en @Fansdelaradio @CarlosJRubiofm @madshila @PaolaMattos11 #FanaticaSiempre @soleyvelez
2,"@adorkblelaura Ross gano, laura no, a&a no Laia presento un premio, hay una foto de ross y laura. las huevonas del fandom hacen bardo"
2,@SalvatoreCaro siiiiiii justo te iba a escribir !!!!! Ni modo as√≠ suceden las cosas.... Siguiente semana a mi regreso de #Rio2016 !!!!
0,"√ìsea les juro por mi vida que estoy en el lugar m√°s caro del mundo en el aereopuerto. 7.50 un caf√©, 18.00 un Sandwich y 12.00 un batido"
2,"La gente coreando en R√≠o ""ole ole ole ole, delpo! Delpo!"" Eres local @delpotrojuan, saca ventaja de eso y da lo mejor. Pero ojal√° pierdas"
1,#postrecito para endulzarme un poquito
2,"La vida te va a poner donde debas estar, porque en √∫ltimas todo aquello que fue, ya es. Y lo que ha de ser, fue ya"
2,"@Trovack somos dos! jaja ahora eres Mart√≠n? oye voy para Lima el prox mes, para el reencuentro d la u, avisas si estar√°s por esos d√≠as"
1,"Que haya una planta de tamarindo afuera de la que posiblemente va a ser la casa en la que vivas de vez en cuando, es una buena se√±al"
2,"Empieza la semana con la ilusi√≥n de saber que va a ser m√°gica, llena de momentos felices, sonrisas, miradas y mucho amor. Que as√≠ sea"
0,Todo estaba bien hasta que me desilusionaron .....................me siento herida .......................que dolor ...... .....
0,"Sean las cuentas de Mc reales o no, no lo veo bien si quieren una cuenta consigan el dinero y c√≥mprenla con su esfuerzo, no por rts"
1,@isachi8 gracias!!!!!! Washis estoy feliz y aprovechando todo lo q puedo gracias por los deseos y buena vibra. Un abrazote a la distancia
2,"Se suspendi√≥ por fuerza mayor mi show en la mina, y ahora qu√© hago justo el 28 ya se ir√© al cambio de mando y har√© de Ollanta"
1,@lagartoblue buen tip muchas gracias
2,"Veo que nos extra√±an...mi t√≠o nos llam√≥, mi prima me dedica tuits y mi mam√° me manda foto con caras tristes AH PERO CUANDO ESTO ALL√Å..."
2,"Por lo bonito, lo feliz y lo que hace ilusi√≥n. Porque son m√°s las alegr√≠as y ojal√° siempre sea as√≠. Porque cada d√≠a sea un gran d√≠a"
2,@GianSesarego son diferentes carreras pues
2,@ajamaica empezando Python con @platzi emocionada
2,@soleyvelez @CarlosJRubiofm @Fansdelaradio @madshila ma√±ana 2¬∞ recordatorio subliminal #OigoFanatica
2,"Toda historia de amor tiene un final feliz, si no eres feliz en este momento debe ser porque no era amor o porque a√∫n no es el final"
2,@JorgeCallirgos q horrible sentimiento ajajaja
2,"Lucero no se vaaaa no se vaaaa, no se vaaaa, Lucero no se va. ma√±ana es el √∫ltimo d√≠a de trabajo de una amiga en la chamba."
1,#EVDLV @ErnestoJimenex es el hombre perfecto
1,Nada como el nuevo #InstagramStories
2,"- Amor, ¬øvamos a ver la vida secreta de tus muscotas? - Hoy no puedo BB - No tienes dinero no? - No - Misio de mierda."
2,"Solo tengo que decir est√©s d√≥nde est√©s, est√©s con qui√©n est√©s, a√∫n te extra√±o... extra√±o que me revientes el h√≠gado, oh, pisco amigo m√≠o."
2,"Y algunos escarchados me falta un rosado, un morado, un celeste, un violeta, un marron, un crema, un griss, y mas .."
2,Hace un a√±o he egresado como bachiller y estoy a un par de meses de un a√±o de ser licenciado. ¬°Y ES S√ÅBADO! Ac√° pes redactando.
2,Tengo prohibido decir NO
2,"Salgo con el chinarrin,su flaca y mi mejor amiga a tomar por el centro y en vez de que mi amiga termine picada,yo termino bailando cumbia"
0,Me he puesto nervioso por la funci√≥n de ma√±ana. Y si me da una laguna mental??? Mierda ahora no puedo dejar de pensar en eso
2,-Amor 1:02 : Acabo de ver a mi hermana con su pretendiente -Camila D√≠az 1:03 : uyyy no te exhaltes es normal jaja -Amor 1:04:Casi le pego
2,Regunion familiar en Huanchaquitoooo #siempreunidoslosquierograciasportodoo
1,Hoy en el micro a una chica se le cay√≥ su celu y el cobrador y una chica gritando de quien era. Lo bueno es que nadie se lo qued√≥
2,"Voy o no voy!!! estresado pero feliz con tu amor,un amor verdadero sincero y no convenido m siento amado x quien soy no x conveniencia"
2,"Ni siquiera subi a la monta√±a mas alta porque ""es muy peligroso"" solo el camino es angosto, oe, yo queria mi foto con la llama"
0,@AlejoAbarca muy underground ya mano
0,¬°Mi @Isoor_! Extra√±o tus tuis y TT Aqu√≠ jodida con cel de reemplazo - cuento los d√≠as para q me den MI equipo y volver a tuitear a full.
2,"Ponerme a pensar en el producto nuevo, el terminar lo de capsaicina, preparar lo que endr√© en el Poster, y todo lo q debo hacer ma√±ana"
2,"Yo s√© que a Yixing no se le da mucho el ser gracioso, pero se esfuerza. Cada que lo intenta nos sale con nuevos memes, pero se esfuerza"
2,"Ese momento en el que no puedes dormir y no sabes por qu√©, pero est√°s con una sonrisa de oreja a oreja al igual que toda la semana"
2,Me gusta estar sola y me molesta la gente que habla mucho. Si tan solo nos junt√°ramos a escuchar m√∫sica y de rato en rato hablar de ello
2,"@metrokosmiko Pero retomas y ya (y bueno, lo que dices, es mi raz√≥n para no ir a un gym, por eso prefiero entrenar en casa )"
1,@sigridbazan Tu optimismo es admirable
1,"Que lindo es tener a la viejita en casa, la extra√±√© en toda sus formas, desde los gritos por el desorden, hasta su saz√≥n en la comida"
2,@ceciliarvl Fue una vil trampa
1,"@ViviRivasPlata dias q m hacen reir con sus ocurrencias con sus reportajes sigan asi, xq lo demas es recontra aburrido!!!!!!!! kisses"
1,@IsabelPalomar espero que te mejores
1,Buena pela #LaPeorDeMisBodas @maricarmenmarin @gabrielsotoMEX @rickytosso @adolfoaguilarv @DarleneRosas @EmanuelSoriano buen elenco
2,"Empez√≥ el tercer y √∫ltimo turno que acaba ma≈Ñana a las 7 am. El ambiente est√° m√°s caliente que seman√°s atr√°s. Bueno, es la primavera!"
2,"ayer me dio mi dio mi ataque de panico retrocedi a cuando tenia 5 a√±os, me despertaba sola en cama y comenzaba a gritar pq no habia nadie"
2,"voy a salir a comprar mayolicas y acabados a habich, veamos q sucede en el camino, la gente buena celulares prendidos porfavor, 3, 2 ,1"
1,"-Silva, la pr√≥xima clase sal a debatir para que tengas nota. -¬øMe falta nota profe? -No, es que quiero ver c√≥mo les ganas."
1,@PatoParodiC espero que te mejores
2,@discolocontilde oye pero es carbohidrato
0,Un chico vino desde adelante a sentarse cerca de mi s√≥lo a preguntarme la hora... Quiz√°s era el amor de mi vida y yo lo mire feo
1,"El amor incondicional es esa clase de sentimiento que busca la felicidad de otro ser, incluso a costa del suyo. Familia es quien te ama."
2,"Termin√© mi Inktober, pero mi hermano no est√° y no lo podr√© subir Esperar√© que pasen 3 d√≠as m√°s para subirlos juntos. Adivinen que dibuje!"
2,"Los problemas no son eternos, siempre tienen soluci√≥n. La vida es corta, por eso ama, se feliz, siempre se sonr√≠e, vive intensamente"
1,Fin de la Misi√≥n #Lima-limon: Muchas gracias a tod@s por el cari√±o y por la buena onda!! El tiempo fue corto pero se repetir√° visita
2,@IvanAndres2410 traete vinito y yaaaa
2,"@Sheo_series creo que si, ella no se acostumbra a la vida pobre de pablo, pero aqui va ser diferente ya q Maia no le importa los lujos"
2,"Dice tu pap√° que esto pasar√°, dice tu mam√° que t√∫ me olvidar√°s... @florentino van 20 a√±os, y el amor sigue intacto y ser√° hasta la muerte"
2,"@Rubiu5 no se si leas esto, pero lo intentar√©.Youtuber, escritor, dj y gamer favorito, hoy es mi cumple y ser√≠a muy feliz si me saludaras"
1,@madshila @soleyvelez @CarlosJRubiofm y ahora sonando @sinbandera #CancionesDeAmorEnFanatica excelente
1,@AracelyPeri @AlejandroSanz @CorazonesPeru #girasiropevivo con nuestro Chan hermoso
0,#QueFeoTuConsejoOe no funciona tu huevada
2,"las parejas crecen codo a codo y es ah√≠ donde se conoce el verdadero amor, a mi no me hables de humildad que de eso nosotros sabemos bien"
0,"Mi usb de mierda est√° malogrado y se me borr√≥ TODA MI PUTA INFO de eeggll ensayo de argu, monografia de investiga, los extra√±ar√©"
1,Mor√≠ @AlexisDescalzo me dio like #Bombon
2,"@emejota_qt a mi me pasa todo lo contrario, siempre me dicen ""C√ìMO QUE NO HAS VISTO??!!"" y se alejan de mi jajajaja"
2,@judithpaulsen7 @TRICICLODELPERU estas en lo cierto
2,@FireDrgShiRoN De nada por haber ayudado y de paso decir la verdad  Eres la/el mejor No se si eres mujer o hombre Sorry por eso ;_;
2,Siempre recordando buenos momentos #JSG
2,un saludo pa mi brrother crithian de la cruz q conoci en smp el esta recluido en penal no si de lima o provincia buen tipo el muchacho..
2,"Extra√±o Virginia, extra√±o a Leo, extra√±o a mis primas, extra√±o a mi t√≠a extra√±o salir y ver la nieve y sus atardeceres y los cervatillos"
2,"Tan r√°pido Domingo? Yo ni sent√≠ el Viernes. No siento los temblores, los d√≠as pasar. Ah, pero ojal√° dejara de sentir hambre."
1,"@CarmenLo19 hola Carmen!! Es una aplicaci√≥n para ver pel√≠culas y series! Bien completa es, incluso hay de las que est√°n en estreno en HD."
1,"Siempre me han dicho que la relaci√≥n que tengo con mi pap√° es muy bonita, es por que siempre solo nos hemos tenido el uno al otro"
0,En mi casa todos morir√°n el d√≠a que haya un terremoto. Nadie me hace caso. Yo la √∫nica zonza parada en toalla en la calle.
0,Querer alguien que no te quiere es como intentar volar con un ala rota. ..................................
2,"Haces un update con tu pata de intercambio. Te pregunta, entre otras cosas, por tu vida amorosa. Suena ""brillas"" de Le√≥n Larregui."
1,@mangoypalta abrazo sororoso nos encontraremos
2,Siempre ando metida en google buscando im√°genes lindas  si me encanta. de lo que sea me gustar√≠a que sean solo para mi pero no se puede
0,Se que la pena de muerte no es algo bueno . Pero que diablos podemos hacer con los violadores ! Yo no le veo otra salida
2,y ale le dijo otra vez que estaban ocupados pero m√°s calmada y reci√©n lo capto y se fue. Al final nadie se sent√≥ en esos sitios
0,A esta ciudad la siento m√°s propia cuando est√° la gente que quiero. Ni tenemos 25 y ya nos agarro la ola migratoria de amig
0,"quiero ver las mu√±ecas de la mafia,pero tengo que terminar mi examen y ma√±ana tengo que hacer mi est√∫pido v√≠deo para el parcial y"
2,"No, no soy pilato me refiero a que siempre ando con mis toallas humedad o yo siento que por mis manos la energ√≠a positiva entra a mi"
1,Bob Dylan siempre ha sido un gran poeta Siempre lo dije. Siempre lo pens√©. Sigo emocionada ¬°Los tiempos est√°n cambiando!
0,Mis buenas intensiones se fueron a la M cuando descubro que no tengo pegamento y el plano no entra en la base  Entrega 9:00 AM
0,"ma√±ana es viernes otra vez, estoy nerviosa por que no s√© como me voy a sentir con lo de ukai me voy a poner triste a cada rato"
1,"Cuando estas bien con DIOS el enemigo te pone incapie en el camino, pero yo no tengo miedo por que mi F√â esta en DIOS."
1,"Nivel de ingl√©s Sra @chechechacon ? Alto. Traduzca juguete. Toy. √öselo en una oraci√≥n. Toy triste. Awww, vengache pa' ac√°"
2,"que rapidas son las wikis, en los articulos a su nombre ya le pusieron el ""fue un seiyuu"" y su fecha de defunci√≥n"
1,Dios guarda para mi lo mejor por que mi fe en el siempre perdurara por la eternidad. Quien busca encuentra y no se conforma con poco.
2,"Poner tu alarma a las 6 am pero reci√©n levantarte a las 8 am, significa algo... Estas muy cansado. Buen d√≠a a todos"
2,Y hoy despu√©s de tanto tiempo me acorde de ti . Ya no se puede retroceder el tiempo solo caminar pa' lante
2,"@LylaBliggie jajajajaja, ¬°qu√© linda! Yo tambi√©n me puse re feliz cuando me enter√©, nos dejan un √°lbum antes que TOP se vaya al servicio"
1,No muchas cosas me han hecho tan feliz en estos d√≠as como darme cuenta que todo Ape in pink marble de Devendra Banhart est√° en spotify.
2,Ojeras Y no es porque haya visto un dorama o haya le√≠do un libro en una noche. estaba apunto de dormir y hacen fiesta de largo hasta hoy
2,ah ya entiendo por que tanta rabia se entero que su pap√° quiere que trabaje con el jajaja que culpa tengo de ser una buena opci√≥n
1,"@emarlyworld feliz sabado para ti tbm,a los tiempos entro al twitter y es agradable que a la primera persona que vea, sea a ti !!!"
0,"Y ahora, volvamos a la realidad... ¬°ay Venezuela! Como me has hecho llorar desde lejos... con que tristeza digo que yo soy venezolano."
2,"Todos mis d√≠as son: -Buenos d√≠as Mamita! -Hola hijita 30 min despu√©s.. -Chau mamita, nos vemos ma√±ana. -Chau hijita, hasta ma√±ana."
2,Bueno pues ya decid√≠ que ir√© a Meneo para Halloween y me invitan al d√≠a siguiente a 3 master class en el gimnasio a partir de 10 am
1,"sinceramente nunca me consider√© belieber porque no es mi √≠dolo, pero s√≠, me encanta como artista y me s√© toooodas sus canciones"
2,No s√© qu√© onda con spotify que ya llevo escuchando medio disco de serge y no me sale ninguna publicidad. C√≥mo engatuzan a l pobres
0,"Mar√≠a es as√≠, cuando no quiero manejar me hace que la recoja y cuando quiero me dice que no, que f√°cil estoy cansado."
0,"Mi mejor amigo me quiere revender un cup√≥n para un fds en un Hotel en Chincha. Qu√©, voy sola o qu√©? te pasaste de pendejo @Renzo_Ariza"
1,"Bien Rafael, go ahead, no rscuches a los minusvalidos mentales red tomatoes, con climper y elmer cuba haran buen equipo!!!"
2,No se por que bueno es bueno poner buena cara cuando estas sufriendo o no puedes con algo mirar al espacio nomas y acordarse de DIOS
2,"@maliux justo vi en Ig que lo ten√≠as y te quer√≠a preguntar. Cuando lo hagas, espero el review! Y s√≠, yo tb tengo varios pendientes"
2,"Mi vida cada d√≠a esta mejor, para mi gusto pero para molestia de muchos, lastima xq no deber√≠a molestarte lo que a otros los hace feliz"
0,Hoy vi unas florecitas muy hermosas color lavanda !!! Y no pude recogerlas porque iba en el carro QUE IMPOTENCIA !!!!
2,hace mucho no e tenido que ver mi nombre en otras cuentas por que sera? a cierto yo le dije que no lo hiciera Gracias por hacer caso
0,"No s√© porqu√© pero ya no me cae para nada, es m√°s me da asquito y antes √©ramos amigas, aunque creo que ni eso consideraba ella"
2,"Qu√© es el amor dec√≠an; pues la respuesta est√° a quien le preguntas. Todos aman, no con la misma intensidad ni las mismas cosas."
2,"@malditaternura pero hasta ahora se lava la ropa as√≠ para q quede blanca eso lo sabemos a los q nos ense√±aron a lavar bien, gracias mami"
1,"Hoy mejor√© un poquito, para alguien que no hace deporte hace como 1 a√±o, hacer 4K luego de 1 semana de empezar esta bien creo."
2,"@fioteca S√≠, no s√© por qu√© no me ca√≠a para nada que Taylor est√© con Ryan y el supuesto activismo de Summer. Extra√±aba a Marissa."
2,- Todo lo que quiero por navidad eres t√∫. - Enserio? - La verdad quiero un iPhone 7 Pero como eres gratis que se puede hacer
2,"Uds locas por sun and moon me dieron ganas de jugar, pero hablan de stats y huevadas que ni idea. Yo feliz atrapando y combatiendo nomas"
1,"@FChavezCabrera Lo le√≠ y pens√© en ti Quisiera ser una hormiguita y trepar por tu balc√≥n para decirte al o√≠do:guapo,bonito y bomb√≥n."
1,Le digo a mi gordo que pensaba irme de rumba y que me cancelaron a √∫ltima hora. Y me dice que tomar√° un taxi lo amo!
2,"Mam√° haciendo limpieza  Esto no sirve, esto botalo, etc. M√°√°√°√° son mis peluches , ya est√°s grande, ac√° no hay bebes!"
2,@yanac0895 recordando los viejos tiempos
2,@ContactoRioRoma @YouTube lo mismo opino contactito
2,"A veces tengo ganas de joder y joder por fb, luego recuerdo que ya soy profesional y debo parecer normal, as√≠ que se me pasa"
0,"Por gusto redact√© un testamento para que Ale se lo publique a Steven ... Gracias Per√∫, me dejaste misio y encima Ale no publica nada"
1,"@lghostfive ¬øest√°s bien o est√°s ah√≠ por alguien m√°s? lo que sea que fuese, espero de todo coraz√≥n que no sea nada grave del todo"
0,Bueno hoy fui a almorzar a Nanay con otras 3 dras xq la capacitaci√≥n mal organizada no nos di√≥ almuerzo y encima nos mandan a comer 2pm
0,Y entramos en esa √©poca del a√±o donde todos los comerciales me hacen llorar ‚Ä¶ empezando por el de los ositos en el aeropuerto #XMas
2,"Bueno, ma√±ana es mi examen final de f√≠sica, el que apruebe determinar√° si me graduo o no, desenme suerte y enciendan una velita pls"
1,Sigamos siendo felices felices felices
2,hay un monton pituelistas en mi inicio q piensan todo lo contrario a mi y no me pongo densa a comentarle todos sus twitts
0,"Ojal√° que pase rapidito el tiempo y ya depositen la grati, en 15 minutos pagar√© todas mis cuentas y ser√© pobre otra vez"
1,"@Smilue TE AMOOOOOO CSM A LA FI,y la verdad que eres la √∫nica que soporto de las amigas de t√∫ sabes quien jeje"
0,Nunca voy a entender porque se fueron a eeg... El verdadero combate peru se fue ahi no se porque! TE VEO Y ME PICA VICICONTE
2,1 de diciembre y la gente tiene una sonrisa en la cara no se si es por el estr√©s del mes pero igual tienen una sonrisa. #felizd√≠a
2,"Tod@s piensan que los he bloqueado de wtpp pq no pueden ver mi estado ni foto jaja amiguit@s estoy en finales 0 distracciones,lo chento"
0,No hay una sola libreta que est√© terminando y que tenga que poner el comentario final y no llore. Voy a extra√±ar demasaido mi clase
2,@Huargo1 me regalaron la mediana
0,uno sale re feliz de la prepa y de pronto se encuentra con el trafico del mal y no hay cuando llegue a casa
2,"Unos sufren por amor, otro por idiotas, otros(me incluyo) sufren porque se acerca fin de a√±o y no hay dinero para viajar"
2,"@FerReynaOFICIAL Bien cansada jajajaajaja fin de a√±o, mes de diciemnre con mucho trabajo pero no hay nada que me detenga, vamos con ganas"
0,Esta ultima ejecucion hizo que se me salieran lagrimas. Fue tan triste la despedida y Sonia llorando que ufff. Directo al kokoro
2,@ZabdielpanamaOF cuenten conmigo Todo por Zabdi
2,"Mica a la salida del canal hoy, hermosa! Nos mand√≥ saludos y dijo que Pitu reci√©n se hab√≠a dormido TE VEO Y ME‚Ä¶"
2,@musadorada jajaja si claro normal
0,Dios no levante la campa√±a me van a colgar. Ah claro igual no me env√≠an las entradas y ya me estoy por ir  joder ejecutiva ctv
1,@davidernestoz yo te veo bonito
0,"@fernandomerino q gran idea Fer !!! Pero tengo mucha flojera , andaba d√°ndome √°nimos para ir hasta el ecomarket de la otra cuadra."
2,"La felicidad no es un estado en el que podemos permanecer siempre, pero si una actitud que podemos elegir al valorar peque√±os momentos"
0,"rama diciendo q mica se quede alla, tranqui q nosotros tambien queremos q se quede para q no este con hipocritas como vos @ramironayar"
2,Yo quiero una rosa eterna
1,"#Guerrero es, de leeejos, la mejor pel√≠cula comercial que ha lanzado @Tondero hasta hoy. Lo cual no ser√° decir mucho, pero es lo que es"
0,"@CristhianRS ¬ø? ¬øCu√°l tema? ¬øCu√°l manejo? ¬øPor qu√© mal√≠simo? Bueno, si as√≠ descalificas a El Pa√≠s, mejor ni discuto contigo. Bs tardes"
0,Pens√© que este d√≠a no pod√≠a empeorar m√°s y ahora Sali me dice que sus finales acaban un d√≠a antes de que me vaya
2,@ICETEX Hola. Soy extranjera y deseo crearme un perfil en su cuenta para acceder a las becas Colombo-Peruanas. Su ayuda por favor Gracias
0,Estando en mis √∫ltimos d√≠as de jard√≠n puedo decir que mi vida y mis vacaciones no ser√°n las mismas sin mis peque√±os
2,@omarvch @plazavea yo hace un momento literal
0,"Mi novio me quiere llevar a una fiesta y yo no quiero, el si es muy dependiente de mi a todos lados quiere ir conmigo #vesolosi"
1,"Aunque a√∫n no te lo creas, d√©jame decirte que eres hermosa. Aunque aparentes ser muy orgullosa, s√© muy bien que tu amor es puro."
2,"Y no pos guau, mis vecinos acaban de prender la radio max volumen y lo primero que suena ""cerveceroooooo llegooooo el caaaaantineroooooo"""
1,#felizcumplemichi pasala bien con tus seres queridos exitos en todo en lo k te propongas y exitos en #Bioquimica tambien ) si se puede
2,Estamos en #RealPlazaPucallpa junto a @jazminpinedo #FelizmenteEsNavidad
0,En la vet pq Aslitan est√° enfermito ...Hay una Sra. que est√° llorando pq a su perrito lo est√°n operando
1,"Meta 2017, llegar a 250 mil vistas en mi blog, son solo menos de 67, 900 vistas. Se que podre lograrlo"
2,"...Yo solo googleaba y le√≠a posts de Taringa, entraba a un Youtube diferente al de hoy.Y Gracias a todo eso hoy soy como soy @microbox6"
0,@CJSuasnabar soy el perro asesinado
2,Empezamos con los 3 dias de festejos x mi cumple la noche promete..es q cumplir estos a√±os bien vividos hay q celebrarlos como se debe
1,"@primerafuente1 q incre√≠ble, esas historias!!!siempre recibir los favores y sobre de un mismo lugar no? Dar el rhe a un √∫nico instituto."
2,"@Shamans_Blues_ lo de la comida le quita toda la parte negativa entonces, buenaso. Gracias!! Que te vaya super bien en tus finales"
2,T√≠pico: Te levantas de noche para ir al ba√±o y corres lo m√°s veloz que puedes para que el fantasma no te alcance
1,"No puedo creer que en unas horas sere egresada!!! 21 a√±os,2 carreras,estudios en europa,excelente trabajo Gracias Dios!"
2,No #SoyUnicoPorque mi DNI dice que hay 5 personas que se llaman igual okno . Soy √∫nico porque soy como soy con mis errores y virtudes
0,"Quiero que sepas que desde el fondo de mi coraz√≥n, me importa una mrda lo que pienses de m√≠"
2,"Entran a la oficina y dicen ""S√≥lo les voy a pagar a las que no vienen con escotes pronunciados""."
1,"@mamutida @Malfitan0 ¬°gracias por el saludo! Jonasito est√° calentando la voz para entonar el ""feliz cumplea√±os"" a lo Wagner"
1,Se viene algo bueno #Navidad #Imelda #Tronconavide√±o #Fresas #frambuesas #blueberries @ Imelda
1,Alejarse de personas y de pensamientos negativos hace que cosas espectaculares sucedan en nuestra vida a pesar de que no nos demos cuenta
1,"Tomar distancia de las cosas negativas nos hace crear un espacio, un vac√≠o para que cosas positivas y mejores lleguen a nosotros"
1,@cracks_oficial bueno felicidades por el millon de crack que hay en el canal !! soy un suscriptor ya un poco antiguo a por mas DE PERU
2,@YamileUc pos yo no sabia pensamos que ya se hab√≠an ido pero luis vio el mensaje y corrio jaja y yo ni podia seguirle el paso ja
2,"@MexicoFER Obama, Putin, autoridades de Jap√≥n y las econom√≠as m√°s grandes del mundo est√°n en la ciudad de los reyes, corresponsal LDD"
0,@AriadnaPacheco5 jajajaja yo tambien estoy castigada pero tu fumas en tu casa y yo en la mia ajajajajajaja asi estaremos conectadas
2,"Bueno yo puse todo de mi parte, paso siguiente: descartar lo pensado. Despu√©s que no me salga con que no lo intente. Bless"
0,"No es bonito tener que leer 3 cap√≠tulos de f√°rmaco para tu pasito, luego leer inmuno para ener y finalmente terminar tu trabajo final"
2,@MelissaPeschier JAJAJAJA No seria nada raro que el que maneje esa combi tenga como ch√≥fer a H.Becerril y a M.Mulder como cobrador.
2,"@efecuadros Yo soy tu sangre mi viejo, yooo, soy tu silencio y tu tiempo. Esta canci√≥n la cantaba todos los d√≠as de chiquita!"
2,"@luquenukem pucha, yo complet√© el pokedex Per√∫, solo me faltan los regionales que dudo los consiga y a esperar los legendarios"
2,@HelpDmsOfIdois uno con tyler posey porfavor
2,"@WilssONLY jajajaa sii, aunque acabo en un a√±o comunica y convalido mis 3 a√±os de derecho, sumado a los electicos que ir√© llevando"
0,"Era un se√±or de edad y eso. Y pues, es entendible. Pero que feo y dif√≠cil debe ser vivir eso"
2,"aveces la vida nos sorprende , con buenas cosas y malas cosas pero a mi me esta sorprendiendo con lo que mas quiero"
0,#ElPeorAmigoSecretoEs el que le dice a todos quien es su amigo secreto o el que te regala un caramelo diminuto que venci√≥ hace 2 meses
2,"Bueno, Yixing tuvo pocas l√≠neas como siempre, pero no voy a andar de pesada. Al menos no esta vez"
0,Mam√°! No m√°s paneton! No ves que ya he bajado como 8 kilos quieres que los suba en dos d√≠as?
2,@PaIestina @CDPalestinoSADP @arayamas @mauroabughosh @palestinalibre quiero un polo as√≠
2,"Muy tentada de agarrar el carro, manejar un rato al sur, estar en la playita y luego volver. Pero son la una"
2,Que mensajito alentador me mandaron
0,Ptmr hoy se presenta tr√©bol clan y recuerdo que en gotica se present√≥ y fue la √∫ltima vez que lo vi y hice mi cagada claro
2,"Es raro que le sigan dando like a mi comentarios de octubre, pero me recuerda por qu√© lo puse"
2,No te dir√© porque duele tanto s√© que no quieres saber lo que pienso ni lo que dir√© ni mis motivos Tu eres realmente bueno para mi
0,Yo dije que ayer no deb√≠ salir pero es que AGGGGG matenme solol soy un ser humano pero esta vez s√≠ LA cague BIEN feo
1,"Ayer mi profe me ubic√≥ y fue genial hablar de tantos proyectos, en verdad de la nada nos encontramos con personas que nos motivan"
0,Todo pudo ser tan bonito
2,"Hoy es feriado y el trafico ser√° menos, igual o mayor en Lima, all√° vamos con Fe"
2,"Tengo conocidos y familiares que votaron por #Keiko, pero en estos 5 meses la mayor√≠a siente que cometi√≥ un error, lo cual me alegra"
2,Yo quiero una familia as√≠ #ModernFamily
1,"Mi beb√© primero reniega porque tiene hambre, y cuando ya comi√≥ un mont√≥n, reniega porque est√° muy llena. La m√°s linda es"
2,"Estoy con todos los sentimientos, odio las despedidas y hoy estar√© muy emocional. Con fe mi √∫ltimo d√≠a aqu√≠ y nuevos retos por venir"
1,Por esos amigos que les dices que estas triste y ya te est√°n planeando las salidas hasta los viajes a futuro con ellos Como los quiero
1,"@LinkinParkPeru ser√≠a genial...Tengo q ir cotizando mis √≥rganos por q si es cierto voy si o si, queda sentenciado! #LinkinParkenPeru2017"
0,Me estoy muriendo. Ojal√° mi jefa me haga trabajar viernes y s√°bado en la ma√±ana. Porque cerrar va a ser fatal
2,Que ganas de cagarla y decirle a mis pap√°s que no se qued√≥ donde una amiga si no donde su nuevo novio
1,"Por siempre estar√°s en los mejores y peores momentos de mi vida, porque en esos precisos momentos siempre estabas, para mi"
2,+ a veces se la ped√≠a prestado se molest√≥ y me la vendi√≥ para que no la joda. Ahora ella es la que m√°s la usa
1,"@FerReynaOFICIAL Tambien un buen domingo para ti Fercito, y que tengas una linda semana amigo lleno de aventuras , Saludos de mis t√≠as"
2,Dar gracias y reconocer todo lo que tenemos es el primer paso para tener una vida de plenitud y llena de felicidad. Todo lo dem√°s llegar√°
0,"He llegado a mi casa (AL FIN), y el dolor del sacro ha empezado a agudirzarse"
1,"@magdyelugaz q lindo verte llevando la alegria a las familias y ni√±os en esas fiestas, espero que la pases lindo amiga Te deseo lo mejor"
2,"Waze renunci√≥ a ser gu√≠a en le trafico lime√±o, le llego y se arranc√≥, Lima y su trafico del mal jaja"
0,"Que ganas de estrellar un ladrillo en la cabeza de mi jefe, tirar la puta computadora por la ventana y quemar el lugar"
0,"Hoy todos en la oficina se han burlado porque le he pedido a mi amigos secreto #PokemonMoon, me siento ""buliado"""
2,"@monicaventas hola Monica, tus libros (versi√≥n papel) se venden en Per√∫? Lo tenemos que dar como lectura obligada a nuestros vendedores"
2,"@PonyGaJr si algo a si parecia, eso fue raro .__. pero es un video, igual sabemos ellos dos estan juntitos y estan bien"
0,Estoy segura que esta fue mi √∫ltima entrevista a Jaime Saavedra como ministro de Educaci√≥n. Vamos a perder un gran ministro.
2,".@Taxibeat_Lima hola, envi√© un correo debido a que mi usuario est√° supendido. Quisiera me ayuden con el inconveniente. Gracias"
0,@SoyCaracola si lugar de incalculables arrochadas
2,"@elsacasas no lo aprendes ni en el cole, ni en la universidad ni haciendo 100 posgrados. O naces o no. Es cong√©nito"
0,Este mes es muy dif√≠cil 1er a√±o de fallecida de mi sobrina cumplea√±os de mi Madre y mi hermana
2,fue algo parecido al amor
2,La luna de nuevo #cielodespejado #smp
2,@AnaBelenDoll lo pasaron lindo ayer?
2,"Ahora van a salir a decir que avanzamos en las prueba PISA y alianza no campeona, ya pues dejen tranquilo al compadre"
1,Sigamos siendo felices felices felices
2,Dibuj√© a Chikorita (mi pokemon fav) y lo malogr√© con 'mi t√©cnica de pintar con acuarelas'...tmr!
0,"Despertar con la noticia de esta terrible tragedia . Dios los tenga en su gloria campeones , sabidur√≠a y resignaci√≥n para las familias"
0,@mena_198 Weee estoy hasta el perno en la U solo me queda salvar lo que pueda tambi√©n te extra√±o pishe palo
1,"Lo bueno de salir temprano es que puedo almorzar en mi casa, o sea, comida de verdad"
0,"@sjostos @andinaurbana justamente ah√≠ es tu equivocada suposici√≥n, qxq estudi√≥ en 1 colegio ficho ser√° pulcro? La religi√≥n le importa mda"
1,"Al principio me doli√≥ ese coraz√≥n azul, luego record√© c√≥mo era y que no tiene bandera y se me pas√≥"
0,"Lo m√°s preocupante es que #Trump no cree en el Cambio clim√°tico, el l√≠der del mundo libre. La batalla est√° perdida ahora"
2,@musadorada a tu PI? Pues asumo que si. Ser√° tipo conferencia y te daremos certificado. Pasame tu nombre completo
2,"recuerdo que hace 20 kilos dec√≠a ""csm, quiero engordar"" 20 kilos despu√©s me qued√© sin shorts + pantalones quiero ser flaco otra vez"
1,"Qu√© bonito es entrar a tu correo y que dos empresas, al mismo tiempo, te confirmen un fuerte auspicio"
0,"@2820gchu maldito ataque de ansiedad tampoco lo soporto, es por eso que los dramas en emisi√≥n me hacen sufrir horrores"
2,"Queda claro que yo solo vivo para viajar~ No necesito casas ni propiedades, solo necesito boletos de avi√≥n y mi mapita"
1,"Un sentimiento y sensaci√≥n hermosa que disfruto segundo a segundo con ganas enormes de abrazarte sin morbo ni nada, solo algo tan puro."
1,"@IvettlyOficial Yo igual, recuerdo que siempre te estar√© apoyando en todo, a pesar de la distancia, siempre estar√© aqu√≠."
2,"Gente tuitera, en Cantagallo hace falta voluntarios y donaci√≥n de pa√±ales, √∫tiles de aseo, leche, frazadas. Sean buenos y si pueden vayan"
2,@richie2492 jajaja claro como olvidarlo!ay ya quisiera pero llego a mi casa a las 10 11pm por mis clases y no puedo ni siquiera ver nada
1,@elcholomena me has hecho llorar con tu video para Cate !! Que bello amor Lograste transmitir tus mejores sentimientos! Vibras para ambos
2,@dbmansilla eso dalo por hecho
2,#CuandoTengoPlata lo gasto todo muy r√°pido
2,"Si tu d√≠a esta amargo ""pues dale una movida"" aveces el az√∫car esta en el fondo."
2,"@karim0603 jajajaja... yo no insulto a nadie, ni bloqueo... yo me comporto en el Twitter como en mi vida normal..."
0,"Extra√±o las clases de biblia del Pastor Manzanares y sus no tareas , a√∫n no supero que se haya ido"
2,@edelacr7 Ely todo bien? no se nada de ti u.u tengo n√∫mero nuevo!
2,La fotograf√≠a es el medio que te permite reflejar las emociones y conocer a maravillosas personas. Tenlo siempre presente amigo
1,"Fue muy bonito postular para el CEUP, hacer cosas que nunca pens√© que pod√≠a en cort√≠simo tiempo, de hecho me ense√±√≥ a organizarme. #feliz"
2,"quiere ser tu luz del d√≠a y tu descontrol en la noche mas fr√≠a #FanaticaConElTalento sonando @pabloalboran ""la escalera"" @CarlosJRubiofm"
0,@peiperjart por all√≠ me contaron que sera el √∫ltimo work and travel u.u porque eliminar√°n el tipo de visa que lo permite
2,Hasta las √∫ltimas consecuecias #Abrahamers #Lealtad
2,Gente juerguera de tuiter (?) alg√∫n lugar recomendable donde pongan reggaeton de la old school por la Lima? Si saben recomi√©ndeme porfa
2,"@ldpilarevolledo tolerancia pilu, tolerancia siempre nadie es mejor o peor por la musica que escucha shaky shaky shaky shaky shaky"
2,@eunhyukeeprince por eso yo tambi√©n tengo mis bias.. y apoyo a los dem√°s pero la mayor√≠a del fandom no y pos..
2,"@eunhyukeeprince no te preocupes ^^ como dije...ELF puede hacer lo que quiera, a mi solo me importa SJ"
2,"¬°HEY T√ö AMANTE DEL HIP HOP! #enmedios te trae lo mejor Entrevista a Paolo Casa√±a , nuestro #rapero del d√≠a ."
2,@lauritasole Yo una vez le dibuj√© unos corazones a mi profe de ingl√©s en el examen final. Igual me jal√≥
0,"Taaaanto que se mueren por saber de mi, vamo a dejar que me stalkeen para que luego se puedan ir felices a la mrda"
1,"Por fin r√≠o, caray. Despu√©s de lo de ayer, pens√© que me iba a deprimir, pero hoy estoy feliz"
1,"El mejor regalo de hoy, aparte de mucha comida, Gan√≥ Per√∫..!!! #VamosPer√∫ #10/11"
2,@unforesto @YurikitoKSP lo dice para hacernos sentir mejor u.u jaja...Pero bueno eres m√°s joven tienes mucho por ver y hacer . √âxitos!
2,"@walfon_ renato solo va por unos cursitos y juega sus jueguitos marveleros ps, al pan pan y al vino vino @RenatoDelgadoR tquiero"
2,@mario_hart de parte de mi hermana ella dice que por que no te vuelves a pintar de rubio que asi de rubio te queda mejor piensalo
2,"Si solo votaran los #millenials, no habr√≠a #Brexit, Rajoy no hubiese sido reelecto, y se habr√≠a firmado el Acuerdo de Paz en Colombia."
0,@popstitude nadie quiere escuchar tu (horrible) m√∫sica. Deber√≠as respetar el √°rea com√∫n. (Imbesil) super polite!
0,Comenzando mal la semana enfermandome
2,@SibylCollantes me dejo pensando tu twitt
1,Los d√≠as pasan y cada salida es tan genial a tu lado Eres lo m√°ximo y lo mejor que me ha pasado este a√±o.
0,"No se con qu√© rayos pintan la se√±aletica de las pistas, pero mi cuarto apesta a esa huevada"
1,"Cada vez que escucho ""Instituciones"" de Sui Generis se me escarapela la piel por lo hermosa que es y tambi√©n me acuerdo de ti"
1,"Feliz por las salvadas por el p√∫blico y la salvada por el jurado canta dms bien pero la veo como solista, Aimee era m√°s para #LaBanda"
2,Aqu√≠ por lo menos no est√° solo ELF ... En ese entonces...pfff.... solo estaba Cloud
0,Lo que se enoj√≥ cuando le dije que me iva a ir a pachanga :v jajajajajaja lindo amiguito result√≥ ser
2,"No es el ayer ni el futuro quien nos determinan sino lo que hacemos en el aqu√≠ y el ahora, donde todo es posible"
0,"@mchl1782 @SalitaSin @CharitoObando Mas bien, penoso desconocimiento diversas realidades del Per√∫. Ahora anda preocupada x el cl√°sico(!?)"
0,El segundo video del Otaku Fest est√° a un 60% (?) ;_; Espero est√© listo para el d√≠a lunes
2,"Pap√°:Yo quer√≠a ir al cl√°sico contigo nena,pero el domingo juego 3:30pm y otra vez no me ver√°s. Yo: Ay noooo papi"
0,@Yeesus_ @laMaquinaPeru @CSerranoTV ya no es lo mismo
1,C√≥mo todo los VIERNES siempre esperando @Rapperground RAP en la radio a la media noche 12:00am v√≠a los 102.7 FM radio filarm√≥nia yeahh
0,Este es el √∫nico d√≠a del a√±o en el que me muero de ganas por salir a una disco y no tengo con qui√©n
0,Que d√≠a mas agotador.... conferencia laboratorio y clase sin parar y para cerrar el d√≠a..... ma√±ana tengo clases full day yeeee!
0,Tan desesperado que hasta stalkea
2,"Gracias canal 35 por la entrevista que hice de #Wake estoy muy contenta, que ma√±ana me voy por muchos piscos jaja"
0,"@tenyexrsgone A mi me jode bastante eso cr√©eme, y mas aun que de ac√° ni del hotel salieran, no se porque siempre lo mismo"
1,"@IvettlyOficial Gracias a ti por todo, por el cari√±o que brindas a tus seguidores, por ser tan buena, por ser como eres simplemente."
0,Ese momento en ronque agarras el sue√±o profundo y te despiertan de la peor forma .... Que maldad
0,"Creo que es la primera vez que no me deprimo por la fecha de mi cumple, esta vez la preocupaci√≥n por mi sustenta le gan√≥"
1,creo que ambos nos seguimos leyendo pues bueno espero est√©s bien y poder conversar en alg√∫n momento √©xitos en todo y vibras
2,"Amiguitos, yo siempre hablo/escribo de la misma forma, soy bastante cari√±oso ... no te estoy gileando, ni quiero algo contigo, s√≠?"
0,Antes el Matsuri era gratis despues subio a 10S/. Ahora 20S/ y ahora es limitado Ya nada sera como antes...
2,"Y uno que pensaba que no hab√≠a que hacer, inicio a realizar mi escalonado y mil horas para terminar"
2,"@cineplanet hola, me gustar√≠a saber si van a estrenar en Piura la chica del tren, espero su gentil respuesta, gracias."
1,@ElMiyashiro @elguilledice @angelabandonado @perudirector @recomienda_pe @Andresilvachuy Ya vere tu peliii exitos
0,"@odiomistweets No puede ser, eso me est√° pasando en estos momentos, hace rato estaba good happy y ahora solo i cry"
1,@MarifeCastroR si que bueno les gusto eso buscamos que las personas les guste la interpretaci√≥n y cosplay muchas gracias a ti
2,"@LuzuGames @LuzuVlogs @HelloImLana yo solo quiero saber si tienen mi libreta y los llaveros de llamas que les di son 2, blanca y negra"
2,"Ptm, en serio Rafael se pasa!! En fin, mejor no me meto en ese asunto"
2,Es bueno aclarar las cosas
0,"@neohelden ¬øEn serio?? Ignoras por convicci√≥n, esa es una ;lo de intereses de universidades se ha dicho hasta el cansancio."
0,"Por Navidad que tus huelepedos te regalen ag√ºita de azahar, cosa que te calmas y dejas de enviar DM porque te hicieron LE√ëA en Twitter."
0,Que huevada es trabajar feriado
0,"Yo tambi√©n podr√≠a subir las fotos de mis comidas y juguitos fit, mi rutina en el gym but ¬øC√∫al es el fin? #genteposera #FelizJueves"
2,"Ma, mira... - Qu√©? La Paca? S√≠, c√≥mo supiste? - Porque es lo √∫nico que haces."
0,"@dane_ng A Ud. parece que s√≠, porque la educaci√≥n que TODO MUNDO recibe por lo visto le choca de sobremanera."
2,"@mikkielias estes donde estes quiero que sea feliz, y te quiero ver en la tv SAZ√ìN MICHELA VUELVE A"
1,Viendo la que ser√° de hecho una de las sorpresas del cine peruano del 2017. Nueva sangre para renovar nuestra filmograf√≠a nacional
0,"Casi el 80% de los pobladores estamos mal ubicados, en un terremoto estiman 50 mil muertos en Lima"
1,¬°Feliz Nuevo Nacimiento! Un infinito GRACIAS por tu Presencia aqui. ¬°Un Abrazo Enorme!. Alicia.
2,Hoy estar√© en @RadioLaZonaFM en zona de Humor ups! De Amor 90.5 Fm solo para desearles Feliz Navidad y si quieren les doy una noche buena
2,"@manu_esu5 @franmezap s√≠, celulares distintos en realidad"
2,Helado y marat√≥n de pelis porfa
2,Saber que hay lugares y sue√±os infinitos por alcanzar este 2017..... Y empezar a planear como alcanzarlos yaaaaa
0,"@claudiacisneros ...nada queda de ese Canal N que informaba la verdad cuando todos los medios estaban vendidos, que pena"
2,"Me contaron una historia rara de el significado del uso de anillos de oro, plata, en que dedo y todo... pero lo he olvidado"
0,@AlejoIgoa extra√±o tus IS con la divaza
2,Lo bonito de esta madrugada fue terminar bail√°ndole a la mamita en otuzco y regina me abrace en el buss porque yo tenia mucho miedo
2,"@ArandaPuig lament√≥ si le parec√≠ prepotente, pero simplemente respond√≠ a su afirmaciones err√≥neas. Puede preguntar cuanto quiera."
1,"Al fin se inaugur√≥ el nuevo estacionamiento del parque Kennedy! Y ser√° gratis hasta fin de a√±o, habr√° que ir a probarlo con la bici"
0,Solo entr√© a tw a confirmar la noticia y de verdad fue lo peor! no paro de llorar
1,Queeeeeeeeee rico pude recuperar el sue√±ooo
0,"Se acab√≥ todo, tantas an√©cdotas que quedar√°n en el recuerdo ... no me gusta llorar frente a la gente, ahora que estoy solo imaginense"
1,@mariobautista_ te amo mucho ojal√° lo supieras
1,Creo que lo mas jodido del 2016 ya me ha pasado y ya estoy lista para lo que venga! jodidamente bien
1,Sin duda ha sido la semana m√°s larga del mundo a su vez ha sido una de las m√°s bellas
0,"@rathaly Falleci√≥ el perro de mi amigo ""Pazuz"" por eso lo recuerdo as√≠. No me tires un zapato. Estoy tristita."
2,Hace mucho que tom√≥ buenas decisiones
1,"@GeMarines @FlacoRicardo19 que tal mama! Mi madre a veeeeeces cuando me ve cansada me prepara algo caliente, igual es linda"
1,"@IvettlyOficial T√∫ tambi√©n eres muy bella, gracias por hacer cada d√≠a mas hermoso con tu sonrisa y tu forma de ser."
2,@CaELiKe Y que es muy bueno que alguien hable sobre el tema porque muchos no lo hablan debido a que es un tema considerado Tabu.
0,"Afortunadamente todo te quepa re-bien Pero este look tuyo no me agrad√≥ Pero eso no es primordial, tu esencia‚Ä¶"
1,Se acuerdan de la canci√≥n de la 83line y KangIn? La de Ferrari? Era buena
2,@JustBloomTeam Katy le di√≥ like en instagram y en mis Rt hace dos d√≠as los vieron juntos
1,"Los mi√©rcoles son lindos, quedarme en casa hasta las 10am me parece un lujo"
1,@venezuelanita As√≠ es un saludo desde Per√∫! La vida es mejor con un buen vino o un buen caf√©!
0,"@RenzoMirandaQ nadie te va a comprar a tus rosaditos problem√°ticos, qu√©date en Chiclayo a criarlos mejor"
2,@unaese esperate que haga caja y te visito tengo planeado que mi 2017 sea un a√±o bien viajero!
2,"Aunque no me crean, yo quiero mucho a @zorrodeabajo y a @unaese. Como dir√≠a mi abuela, los montones amontonados. creanmee"
2,Siempre se fugan los ex presidentes #Nadine
2,"@RenzoMirandaQ JAJAJAJAJAJAJAJA ¬øest√°s racista, Rosado? Blanquito y todo te acepto, as√≠ me discrimines por negra"
1,@CaELiKe Que tengas un fant√°stico d√≠a Caeli
2,mis amiguitos drogos no me hablan
1,@corodario Hola Feliz Cumplee pasala genial al lado de tu familia y amigos!! espero me respondas pronto...
2,@cindy_k20 Es que consegu√≠ una buena chamba hasta el 24 de diciembre y necesito el dinerus ¬øNos vemos despu√©s de esa fecha?
0,"El dolor. Pude tener muchas definiciones, pero el dolor de una madre por la repentina partida de un hijo; es un dolor irreparable. #Dolor"
2,Extra√±ar es el peor sentimiento del mundo. Sientes como no puedes hacer nada por estar cerca de quien extra√±as.
0,@LaliaB24 No podr√© concursar entonces y encima el proximo mes se vence mi suscripci√≥n al gimnasio.
2,Quiero un pan con salchicha huachana
1,me siento orgullosa de ser tu fan @selenagomez desde hace muchos a√±os ...ese speach lo dijo todo te sigo admirando
0,No es bonito estar sin celular
0,@vivianxhv se alejaron fue doloroso. Zayn dice que se habla poco con Liam. (El √∫nico)
0,Que horrible ser tan Celosa
1,El que se suba a mi auto ser√≠a feliz si le gusta la m√∫sica pop a todo volumen
2,@lux_obrien jajaja enserio? a mi no me anda o bueno creo que no la se usar nose
0,"Ojala pudiera devolver el tiempo, para verte de nuevo, para darte un abrazo y nunca soltarte . #IMissYou #MyAngel"
2,@TatoGI cada cantante y canci√≥n nueva caray
0,Triste aburrido perdido sin saber q hacer solo quiero desaparecer para siempre a nadie le importara no encuentro otra salida...
1,@yuyacst Holaaa yuya hoy es mi cumplea√±os PODRIAS MANDARME SALUDOS? Por favor me harias muy feliz
2,Yo solo quiero que me engria
2,Gripe sal de este puerco trabajador
0,"No puede ser! Los 2 @cineplanet de #Trujillo cerrados, yo quer√≠a ver @calichinlapeli @ElMiyashiro"
1,Feliz d√≠a a todos mis amigos m√∫sicos y a todos los m√∫sicos en general. P√°sanela bonito #M√∫sica #Rock #vida #felicidad
2,Cuando todo es felicidad y falla un sector del disco de la laptop y se borran archivos muy importantes de la chamba
0,Creo que soy muy rencorosa
2,@highoncrackyeol Oh ya bloque√© ese n√∫mero f√°cil son marcas porque me dijeron algo de que deb√≠a una cuenta de m√°s de 3k$ en el banco wtf
1,"Buenos d√≠as amigos, detr√°s de una sonrisa hay una esperanza que avanza vamos con actitud y Fe"
0,Brother en verdad me duele el cuerpo y no tengo la m√°s m√≠nima idea del porqu√©
1,Tendr√© que aprender a usar protector... Insolaci√≥n Lo bueno es que me divert√≠ mucho paseando en bici con mi segunda familia
2,@TatoGI los a√±os no pasan en vano
2,He confundido 'concreto' por 'contrato' y 'espacial' por 'especial' en menos de una semana. ¬øQu√© mierda me pasa?
2,"@cornejorugel31 ya me imagino su calor que debe estar haciendo all√°, ya me imagino negra"
1,Solo emociona la primera etapa
1,@joannabolona que paso? tambi√©n?... vao a jugar FIFA15 en play 3.. con unas coronas!... hahaha! se vienen mejores d√≠as! saludos!
1,"Estoy muy feliz por las chicas , todo lo que han crecido en la industria estoy muy feliz las amo con todo mi coraz√≥n #5HonAMAs"
2,"El d√≠a del hombre pas√≥ desapercibido por las mujeres, si fuera al rev√©s no nos perdonan"
2,@AbrahamMateoESP Exacto! Todo lo que √©l hace lo hace con el coraz√≥n y desde el coraz√≥n
2,@atvmasnoticias Me parece que Zuckerberg visualiza a Kuczynski como un 'mu√±equito bailar√≠n' en FB... para indicar cuando estemos felices.
2,"Me gustar√≠a pensar que me est√°n haciendo un bluffing, de esos que yo har√≠a. Pero algo me dice que no es as√≠"
0,"@Confianza_SAA pero que muy mala atenci√≥n en su agencia de #LaOroya, mucha gente y pocos asesores"
0,"@mariomejiah bueno, no ser√° troll pero Arana dice que no est√° de acuerdo paradojas de este congreso estrafalario"
2,Como lidiar con un @#&@%#&-@gerente ....aguanta ni√±a s√≥lo 6semanas +
2,"Hasta luego, Arequipa See you soon (@ Aeropuerto Internacional Alf√©rez Alfredo Rodr√≠guez Ball√≥n (AQP))"
2,@MitsukiAuri Estoy en semana de examenes asi que somos dos
0,Me siento estafada con la hamburguesa pens√© que era de pollo pero de pollo con pavo ü¶É #nomegusta
1,Que hoy sea un buen d√≠a.
2,Despu√©s de 5 d√≠as! CREO que mi cronograma de viajes por trabajo ya est√° listo
2,Jamas dejare de pasar una navidad y mucho menos un a√±o nuevo fuera de casa
0,"Que tristes son los velorios y entierros, mi Pap√° est√° llorando peor que un bebito recien nacido"
0,Me siento tan est√∫pido de haber abierto una herida ya cicatrizada a alguien que a√∫n me sigue importando.... lo siento
2,@memepoliticope mientras q no le rompa la √±ata o se la venda pateada...ta bien que se relaje mi tocayo gringo
2,@IsabelArtica vamos a juntos en concierto?
2,@luchinrc en todos nuestros centros comerciales
1,√âramos como el agua y el aceito en un momento pero al final llegamos a mezclarnos en un sentimiento mutuo...
2,@AndyCamus8 JAJAJAJAJAJA Hola amigo Andy que ha sido de tu vida ya no te dejas ver
2,@AlvaroQGonz pero es verdah pe!
0,"Despu√©s de unos cuatro d√≠as de ermita√±a, salir al sol no me hizo muy bien fiebre largate"
2,Dateame: alba√±il bueno bonito y barato please. Pintor de fachada y carpintero. Se agradece!
0,Quiero una ropa de ba√±o entera. Pueden no cobrar MIL soles por un poquito de tela con huequito?.Gracias
2,"Tratar√© de ser positiva este √∫ltimo mes, para que no me vaya tan mal como todo el maldito a√±o"
2,"La profesora se pregunta qu√© pasa con la segurdad jur√≠dica, y yo solo sigo pensando en qu√© culpa tuvo Fatmagul"
1,Estoy emocionado por primera vez realice una llamada internacional a Chile.
0,Esas personas que se aclaman los se√±ores de la lectura -Libro favorito? -Cazadores de sombras #MeCortoUnHuevi
1,Que bonito es ver el amanecer...
0,"#LatinaTeMaltrata achachaaaaay, primero los ""intocables"" de los realities y ahora esto, se dan cuenta qui√©nes dirigen la Tv Basura?"
1,@jrojasnovoa eso mismo de hecho has logrado un mont√≥n porque valoras el esfuerzo y eso es m√°s bien envidiable
2,"""y recuerda que SIEMPRE ma√±ana ser√° otro d√≠a"" palabras de alguien que siempre estar√° conmigo"
0,"Quiero comer algo, aunque estoy llena"
2,@IvettlyOficial La felicidad tambi√©n es algo seguro solo debemos buscarla en las peque√±as cosas de la vida.
2,Buena Galdos y eso q la conoces y te cae bien cuando se dara cuenta la flaca por su bien sin joda q va por mal camino
0,Ojal√° la capital este tan caliente como dicen esos q se quejan del clima caluroso!!!!
2,Por un momento pens√© que #APEC2016 era todos los a√±os en Lima y ya estaba emocionado
1,"El camino es duro, pero hay que seguir por los sue√±os"
2,Las chicas ya van a salir estoy muy nerviosa y feliz que todo salga bien ‚≠ê
0,#Nunca mas pero q mujer para m√°s insegura Saludos para lizbeth y julver
1,"#AMAsTNT @BrunoMars abriendo los AMAS guao!!! , esperando a @ladygaga queen !!! Peru"
2,@mijacabello97 feliz cumplea√±os que sea el mejor cumplea√±os de todos muchas bendiciones y muchos √©xitos por siempre
2,@argirltecture_ jajajajajajaj la desesperaci√≥n pues loca
1,"@Jimmychinchay @canalN_ bien sra presidenta, se predica con el ejm, muy bien!!!!"
2,"una llegada a Trujillo diferente, meditando pensando y mas tarde a disfrutar la solteria"
2,Cristalito me regalo una piedrita bonita y me la olvid√© en hco
1,realmente hac√≠a un gran trabajo pero d√≥nde sea que est√© espero que sepa que apreciamos mucho lo que hac√≠a
0,la culpa la tiene el inutil del partner q m toco  x eso no se si llegare a tiempo a las 4
2,si mal no recuerdo creo este es el √∫ltimo capitulo d√≥nde escucharemos a tanaka kazunari haciendo de ukai
0,@chepibolaa literal e de irme a la m* el asalto de hace un mes repercute en mi sueldo de esta quincena. odio todo csm.
2,Que se junte de nuevo #vozveis
0,@coco_cocain Pero sal... Yo lo hago cuando pasa algo as√≠. Soy el lacra de la familia.
2,"creo que hoy ser√° la primera vez que un viernes llegar√© temprano a la u, ser√° porque es la √∫ltima clase"
2,@dnapa estoy tom√°ndome un jarro REPLETO de eso
2,Tengo ganas de decir una frase pol√≠ticamente incorrecta: Hoy es... viernes niiiguiii!!!! #blackfriday
2,"@YacoEskenaFans hola chicos, nos pueden seguir para poderles enviar un DM?"
0,Lo peor de mi cumple es que ese d√≠a empiezo mis clases de nuevo!!
1,@LimaAventureros q buen se oral !!!! Me encantar√≠a sentir esa boquita recorrer mi pn erecto
0,Lo m√°s triste es que debo llegar a terninar un ensayo para ma√±ana #prayforsergi
2,"Amis @EzioOlivaFans, el S√°b. estar√© en Chimbote x chamba y quiero saber si el chinito bello cantar√° en evento o privado, para ir"
2,"@IsAlessandra Ale! yo estoy con unos dolores horribles tipo regla jaja,es q paro de aqu√≠ para all√° me es imposible, pero llevar√© frutita."
0,"Extra√±o a mi novia, cuento la hora que queda para verla"
2,@IvettlyOficial El descanso tambi√©n es necesario.
0,Necesito que sea viernes para que paguen. Estoy en la miseria total
2,"BUen d√≠a ... Hoy ser√° un mi√©rcoles pintado de crema y rojo. Vamos por esos 3 puntos , a dejar todo en la cancha #YdaleU @Universitario"
2,Y desde Suiza üá®üá≠Nadine desea que todos tengan un gran d√≠a Mi√©rcoles
1,@vanessasaba75 buen duo con Manolo B. En cuatro linda cancion. . como tantas de mar de copas q estan en el soundtrack de mi vida.
2,Tu conectado y yo ni te comento porque se que no te aparezco y no lo veras @AbrahamMateoMus
1,@peruvianJKlover Que linda y grande que est√° Holly
1,@KatiaPalmaM Ricardo Arjona es incre√≠ble Katii me alegras las noches gracias por tu buen humor tkm
2,Extra√±o tener WiFi en las noches y no solo tener fb y wa gratis porque no hablo con nadie
2,Estoy tan cansada que no ver√© ninguna serie cuando llegue a casa
2,Necesito unas salchipapas ahora mismo
0,@HuaweiMobilePe porque mi equipo G8 se calienta demasiado y la bateria se baja r√°pido
2,Dios santo alexis me ha tenido casi llorando y ahora viene a calmarme ochenta vidas despu√©s este chico
2,"Lo imposible solo tarda un poco mas cada dia puede ser el comienzo de algo maravilloso, es el ma√±ana que tanto t‚Ä¶"
1,"No necesito m√°s, si estoy junto a mi familia. Eternamente agradecida con Ds"
2,Cuando te enamoras de cada flaca que pasa. Chimbote era chevere pero no me quirro ir de trujillo.
2,@nandoperu feliz d√≠a!! P√°sala bonito en familia. Un abrazo fraterno
0,Como cuando est√°s s√∫per triste y pones un playlist de Camila y Ha Ash . Los de la agencia se van a deprimir
2,@Monilict justo hoy tengo la cena de fin de a√±o del trabajo y vine en vestido
1,"Nunca esperes nada bueno de Nadie , es mas bonito vivir as√≠."
0,Es tan feo y sin sabor.
1,#KeikoLaMujerDelA√±o ... Gracias por poner las bases al partido mas bueno de todos los tiempos. Somos Naranjas
2,JUAS ahora dicen que la paja se la van a hacer con Tracer y su novia. Porque siempre se puede caer m√°s bajo a√∫n ¬øno?
2,Mi culpa por comentarle en primer lugar
0,Rt por mi mama q me manda a comprar leche la muy desgraciada jajaj y estoy en √©l cuarto piso #VideoMTV2016 Abraham Mateo
2,"@luisenrique3365 Jeje. El @TuiteroCrema se perfila para periodista deportivo, pero si la atina le tendr√© m√°s respeto desde ya."
0,@MrcdsEatWorld Cre√≠ que era el Almost Blue de Chet Baker. Qu√© luzfloridecepci√≥n contigo
0,@YurikitoKSP lo haz asustado al pobre
2,Las Peculiares Riquezas del Norte del Per√π.
0,"No entiendo, hasta hace unos d√≠as te hablaba lindo, fresh y de la naaada cambian, y t√∫ no hiciste nada #Kheeeeeeeee√© #SacandoConclusiones"
2,"@TheCR_MAN ¬øSe refieren a cierto √≠nclito lanudo, no? Digo para poner a enfriar las m√≠as."
1,Tumbes me trae buenos recuerdos
2,@fiorellaaah @siriuscarlos yo solamente me rio con la p√°gina de memes hoteleros porque son muy on point
2,"Perrita Pelusa, en Amazonas, perdi√≥ sus cachorros y adopt√≥ (rob√≥) dos gatitos reci√©n nacidos para amamantarlos"
0,Justo hoy tenia que amanecer enfermo
2,hola chicos perdon por no subir videos estube en fermo pero ahora no y a ya subi uno mirenlo
2,Oye si sobretodo eso de trabajar duro! 2017 se viene con grandes cosas! Porque siempre‚Ä¶
0,"Que se te pierda el DNI justo a d√≠as de viajar, horrible, la verdad"
2,"Es cuesti√≥n de actitud, de perspectiva y circunstancias. As√≠ que buena cara a los momentos malos"
2,Tal parece que muri√≥ el embajador ruso en Turqu√≠a Violencia engendra violencia: Juan Pablo II
0,"Mi jefe, siendo un in√∫til en momentos en los que se necesita una segunda opini√≥n desde que ingres√© a este lugar"
2,"Hola Jefecito @CarlosJRubiofm ya conectada quisiera escuchar ""Simplemente tu"" y ""no podras"" de Cristian Castro @Fansdelaradio"
1,Me encanta estar de noche en la IC. Lo √∫nico malo es que no puedo salir cuando mis amigos salen
2,@verdesrosas receta m√©dica? Full pepas y descanso
1,"#ElRegaloQueNuncaLleg√≥ fue el vaquero Wody y su caballo, los imprimi ise mi recortable pero no lo niego fui feliz con lo que me alcanzaba"
2,@Pao_vales no tiene nada de malo ser coquetos
0,Que horrible sensaci√≥n cuando se te atasca una pastilla en la garganta #Meduele.
2,"‚Üí ¬°Ya lo sabes, sigue a @Sedapal en sus Redes Sociales! Excelente semana para todos"
0,"El tipo al que reemplazo se fue dejando todo el √°rea lleno de problemas, encima llamo y apaga el celular"
1,La final de @YoSoy_Peru esta esta muy interesante
0,Rodrigo es malo me deja sola una semana
2,@YoSoy_Peru la imitadora de Anita Santiba√±ez canta igualito a la original viendo la Final
1,@tanqueAL1196 buena tanque a meter 80 goles x a√±o
0,Que lleguen a hacerte una entrevista la prensa local y yo muerta de sue√±ito y sin ganas de nada! Ptm.
1,@JKsSpicyLatina Espero que la hayas pasado lindo
0,Que tu primo te llame tan tempranito para que lo ayudes que esta detenido en la comisaria no tiene precio #muerodesue√±o
2,"Por que saben, con ella es la √∫nica persona que llegaba a la u y empezaba a hablar de 5h y yo 1D"
0,"Arreglan todo, y listo, no saben como Sr siente la gente detr√°s de la pantalla, Camila que paso ?? Yo les tenia fe"
2,_ Hola _ _ ... _ La quiero. *Un abrazo a las rodillas*
1,@bluesofu noup tu coraz√≥n es de oro ese no hay y aparte es √∫nico nunca podr√≠an crear uno igual ü§∑‚ÄçÔ∏è
2,Shey esta yendo al canal seguro para El gran show y no ver√© cuentan todos bitches.
2,"Hoy tocan los Fabulosos Cadillacs, SUM 41, Papa Roach, Gondwana, Simple Plan y como 20 bandas masny no estoy ahi"
2,"Que me responda con un ''OK'', es signo patognom√≥nico de que se molest√≥."
2,Lo unico Navide√±o que hay en mi casa son las luces del m√≥dem
0,@DiceDiego1 @LopRock Soy un esclavo de fines de semana
2,Nicole choteando idiotas desde tiempos inmemorables!
1,Bailaste hermoso @EmiliaDrago gracias por el apoyo a @FiorellaCayo1
2,@YurikitoKSP tengo una amiga que dibuja genial.... s necesitas te paso su nombre
0,"@forceviciconte mica va a estar ne la 8g, porque sus palabras en ig me hace dudar, igual si sigue cbt peru y se queda alla mejor"
1,"Definitivamente la mejor decisi√≥n de este s√°bado ha sido quedarme en casa con mis abuelos, prepararles la cena y conversar de todo"
2,"@mr_alealejandro yo tuve el pelo rojo ‚Ä¶ ._."" #YaChau ‚Ä¶"
1,"@MoisesDelgadoG Gracias primito, le har√© presente los saludos! Est√°s invitado si puedes vienes"
0,"Cuando tengo la luz prendida me da sue√±o , cuando la apago se me va el sue√±o"
1,Que bella canci√≥n siempre me a gustado #AmorProhibido @SelenaQuintpics saludos #FIORELLACAYOESACOPAESTUYA
2,"@DiceDiego1 @LopRock Ohhh √±o √±o √±o ... Es el costo de trabajar estable. Pre quema? Jajajaja yara, me apunto para la quema m√°s seguro"
2,Ya estuviera re descontrolado jajajajja
0,Todos sufriendo por el vivoxelron
2,Con esto de la marcha del orgullo heterosexual ya no s√© si puedo comer conchitas en la cebicher√≠a
1,Pues as√≠ de mis sue√±os grandes es irme a Inglaterra
0,Que complicado es encontrar una casaca de cuero en esta √©poca
1,Una pizza. Una conversaci√≥n amena. Amigos. Buena noche
0,"@JulianZucchi esa palabra es de Yaco , asi le decia a Patricio y yo creo que el no es el mejor personalmente"
2,"@AlvaMendz t√∫ no m√°s, los otros dos a√±os anteriores yo ya chambeaba saliendo de la u no m√°s"
1,@FOrtsArg @PolloVignolo @fedebulos12 Gran programa pero se extra√±a a Leto !
2,"@JacoboCisneros es Joda, tranquilo un chico tan simp√°tico como tu no deber√≠a molestarse sonrie o envejeceras !"
2,"Ma√±ana quiero juerguear, ser√° mi √∫ltima juerga del a√±o"
1,"@ron_quintanilla @belecastillo jajajaja cual domingo ohhh, estos √∫ltimos d√≠as me han elotado"
0,"@Combate_ATV impresionante lo que hizo Alejandra por Dios que feo que se hagan de rogar pa competir, falta de humildad. Vamos rojo....."
2,@ron_quintanilla @belecastillo jajajaja cuando? Estoy s√∫per full
0,"@TrujiYo @reporteropro al menos ya va ir preso, el tuyo sigue feliz de la vida plagiando textos"
2,"@GianeRaffo14 hola, te contamos que el incidente que tuvimos con el aspersor ya se solucion√≥ ¬°Te esperamos pronto!"
0,"Odio el internado de la Agraria, hace que no se conecte"
2,"No es feriado el 26 de dic ni el 2 de enero, entonces mremod f√∫tbol s√°bado y domingo"
2,Ahora mismo quisiera estar echada en la banca de Pisco. De esta forma podr√≠a observar el cielo
2,Eso de que vas al cine y tienes la mala suerte de ver a un ex con una tipa horrorosa!
2,"Yo ve√≠a #VBQ por Dani y Pamela, normal que maten a mi otp. Siempre me pasa jajhshdga"
0,Extra√±o que me hable y me alegre con sus canciones
1,hoy dia fue un di de genial y de compartir con los ni√±os
1,A estas horas la Av Javier prado libre #salgantodos
2,Gracias a todos por regalarme sus comentarios a mi columna de hoy. Invaluable obsequio para m√≠.
2,Se acaba un a√±o muy productivo en memes
2,@chepibolaa ya no puedo tomar - cero alcohol- ayer estuve internada en la cl√≠nica como 6 horas.
2,#MeDicenLindoPor mis grandes ojos con pesta√±as s√∫per pobladas
1,@CaELiKe Que bueno Caeli. Pronto te vas a sentir mucho mejor.
0,"El problema de las ofertas ahorita, esque no lleg√≥ al m√≠nimo para regalarle a mi amigo secreto. Y siento que lo voa estafar"
2,@FolagoR no la estoy pasando bien... Tus v√≠deos me har√°n sentir mejor.... Trata de hacer m√°s fail please
2,"@yuyacst No te preocupes Yuya, te entendemos. Que te mejores pronto."
1,"@IvettlyOficial Que alegr√≠a, que bueno, me alegra escuchar(leer) eso."
2,@sparkielaurenz esta como diciendo.. Dejemne libreee mrdass!! #jiji #sigotriste
0,@VGardini25 estoy indignada @ximena_casanova yo solo quer√≠a ver Hannah Montana
2,@ximena_casanova @VGardini25 yo tambieen SIGUE CON EL PACHECO OYE
0,"#MePas√≥PorPavazo @MananaMaldita Amigo que guapo eres, mi amiga y yo queremos hacer un trio, y yo todo ganador, Me pepearon @Marcuilas"
2,Nuevo d√≠a..!! S√≥lo seguir para adelante que m√°s da...
2,"Fui sincera, supongo que est√° bien"
2,"Ya viene el ni√±ito jugando entre flores, y los pajaritos de cantan amores"
2,"Ser valiente no consiste en no sentir miedo, sino en sentirlo y a√∫n as√≠ continuar adelante."
2,"y @SheyJacobo hacia gestos para yo no voltear y oh sorpresa con quien me encuentro , me encontre a tu nuevo amigui @skparedes"
2,@LuciaLu26 mi mam√° me pas√≥ la misma foto y me dijo exactamente lo mismo
2,"puxa, @abocajarroperu como te pasea @JorgeDCG? alli si no eres inquisidor!"
2,"#NavidadenMam√°Victoria En la ma√±ana en el tren, en la tarde en el metropolitano #Regalos #Panet√≥n #Ni√±@s #CasaHogar #GranMi√©rcoles"
2,@Darcy_1010 ay no mms ARELIIIII.A los a√±ooooos sdfjksf te extra√±o we
0,Es una l√°stima que todos los estrenos de Star Wars los voy a terminar relacionando con el fin de Penta Runners. Fue muy sorpresivo
2,@AlejoIgoa la divaza te tiene cansado toda la noche no te deja dormir
2,@zabdilandia no hagan caso yo las conozco y ustedes no son asi
0,".@mczorro es eso: para no pagar precios AB y luego quejarme de la mala proyecci√≥n (de bodrios), siempre me queda elegir otras pantallas"
2,El viernes dejo de ver a muchas personas por un buen tiempo y ah la
2,Igual no ir√© porque estoy m√°s ajustado
0,Me da pena que las nuevas chanels esten muriendo tan rapido
1,No hay nada mejor que ver el estreno de #RogueOne con la mejor compa√±√≠a
1,@YurikitoKSP que bien yuriko. Felicidades
2,"Eso de comerme todo solo por navidad y a√±o nuevo es mentira, porque paro comiendo todo el a√±o"
2,"@MrcdsEatWorld Jaja yo mismo estoy diciendo pues. Pa ma√±ana lo tengo listo. Y s√≠ tengo, pero a veces no quisiera tener #LuzClarito"
2,lo mismo pasaremos con Angie y SR
2,se supone que ya grabaron para ma√±ana no? entonces ya saben quien sera eliminado y por sus caras tal vez sea guerrero
1,un hermoso recuerdo junto a ustedes #CarmenandDialina
2,La luna est√° hermosa y justo sal√≠ sin celular ptmr
2,@zombiepolares ten cuidadoo a mi mam√° le clonaron la tarjeta hace un par de d√≠as
2,@NoticiasCNCO ya conozco a 3 pero Erick que es mi favorito no y Joel
0,"@Rickdo92 empiezo a sospechar que no hay de verdad, ya es quincena y nada ptmr"
2,Amigas normales? Eso que es? Las mias son unas locas toditas *-*
2,"- Hola insomnio, c√≥mo est√°s? - echale la culpa a la comida - ok"
2,Una breve rese√±a de quien soy realmente.
1,es genial estar incomunicada y desconectada del mundo a veces
0,"Iba a contestarle algo igual de grosero y est√∫pido pero luego record√© que se supone yo soy la racional, que aburrido"
2,@NoticiasCNCO yo solo sere #CNCOwner pero cada quien su opinion
2,Jajajja reci√©n. Me acuerdoo que ayer me metieron un galletaso jajaja
2,@VivianDeLaCruzz me pasa exactamente lo mismo
1,"@SoyUnaPolylla mmm. Es guapo, pero me quedo con el otro chibolo porque tiene cara de pastrulo (y es pastrulo)."
2,@mario_hart @NicolaPorcella ese punto no afecto nada igual a Diana se le perdono varias faltas como saltarse los escalones.
2,"@rossangelch Monsefuana, tienes que configurar eso. Jajajaja. No se puede vivir en paz con el carrete lleno de memes. Te dar√© los tips."
2,"Y pensar que luego de tantos a√±os siempre ha habido una persona que ha pensado igual que yo, la √∫nica"
0,Lunes de lentejas y yo extra√±ando el espesado
2,"@RicardoMoran no te gastes en responder de seguro tienes mejores cosas que hacer, besos pelado"
2,"@astrikiss jajajaja f√°cil,o derrepente ya nos lo cambiaron por uno nuevo"
1,Es grandioso conocer a personas maravillosas como ustedes @lasabesaba @vanessasaba75 se quedan en el coraz√≥n de las que las conocen.
2,"Ay Dios he pecado, pero es que ese bikini estaba re lindo y necesitaba bronceador"
2,@PanetonDonofrio a un ancianito que no tiene familia y que llevo v√≠veres y todo lo que necesite con la ayuda de personas desinteresadas!
1,@yuyacst Que descanses bien Yuya. Un abrazo inmenso a la distancia.
0,por qu√© el concurso de #SoyJustDancer es solo para espa√±a? @Rubiu5
2,"Luego de hacerles recordar todos los bellos momentos que no volver√°n, me quede jataso ya despert√© y sigo llorando"
0,@SheWolf_byu ni me lo recuerdes pero eso no cambiara por los siglos de los siglos
2,"Mi noche no est√° completa si no veo el vlog de @elcholomena , creo que no subi√≥ hoy"
2,y quiero ir de nuevo al Cosmocaixa
2,"@joshmanbc si conoces alg√∫n productor que quiera llevarse la obra, que se contacte con nosotros"
2,Mi amor infinito al ser humano que me traiga un desayunito de @McDonalds_PER muero de hambre
2,"#RogueOne es la √∫nica pel√≠cula de Star Wars que no me ha provocado compr√°rmela apenas termin√≥, pero igual quiero volverla a ver"
2,"El problema d la mayor√≠a d tuiteros es q cuando uno comenta creen q es personal. Nada q ver. Hay vida despu√©s del Twitter,"
2,Que yo quiero ser el nido cuando se cansen tus alas.. peque√±a sonrisa sonora @manuelcarrasco_ @CarlosJRubiofm @GannyMartin @Fansdelaradio
2,Despierta desde las 7 habiendo dormido a las 4 masomenos y esta vez Sofi no fue la responsable jajajaja
2,"Tanto quer√≠a trabajar, madruga pues madrugaaa hdjahsjsf"
1,Hora de seguir so√±ando muy bonito
1,Sigamos siendo felices felices felices
0,Extra√±o a mi mejor amiga carajo d√≠ganle pe
1,"#StarWars #RogueOne que buena pel√≠cula, nos pone de regreso en esa galaxia muy muy lejana, emocionante e intensa hasta el final."
2,"@mariellymc y me responde, a no gracias estoy a dieta jjajajajaja"
0,"@cinthiaszc jaja es por un d√≠a!!! Pero es el √∫ltimo d√≠a del ciclo, mil reuniones con mi √°rea becas y dem√°s."
2,@di3goc Espero llegar y encontrar esa impresora 3D
1,@AlejandroToledo Congratulations Dr. Alejandro eres orgullo peruano. Dios no te eligi√≥ para gobernar porque el congreso esta manchado
1,Viendo al gran #JoselitoYSuOrquesta en #WantanNight lindo jueves @wantannight por @PlusTV6
2,Todavia no llega el d√≠a y ya lo extra√±o. #MiKevinacho
2,"@katy_mili JAJAJA yo mentiroso jam√°s amiga, pero ya pz esperare tu inciativa para que me digas franck vamos a perdernos jaja"
2,@luis_2lo cuaaaaal? Estoy en busca de una bonita pero nada me convence
2,"@camilaguimasr y lo sabes , cosas muchas mejores vendr√°n"
2,Quiero y tengo que ir a ver animales fant√°sticos antes que salga de cartelera
2,Ya no podr√° decir 24 bien bailados
0,"Por payasa debo hacer un trabajo grupal para ma√±ana, algunos grupos a√∫n no terminan y yo tengo que hacerlo en m√°ximo 2 horas"
2,Y al noveno d√≠a le dije todo a la Marina #Mejorando
2,"Agradece todo, cada momento, cada situaci√≥n, sea positiva o negativa, ya que la positiva nos hace felices y la negativa nos hace sabios"
1,Que buen inicio de semana
0,malditos ejercicios que colera agggggg
2,@FrancescaAgurto reci√©n me conectooooo Juan est√° enfermo ma√±ana te prometo que te recojo
1,@Zabdielitas_M @zabdiel1344 ya quiero ver la segunda!!
0,@zabdiel1344 quise hacer un video de momentos junto a ti pero recorde que solo tengo 1 foto
2,"Ma√±ana es, posiblemente, el √∫ltimo encuentro de Natura que dirija y Enero ya empezar en Yanbal"
0,"No me puedo quedar dormida ni un ratito, porque para mi mam√° ya estoy an√©mica de nuevo"
0,@ClubSCristal lastimosamente gran parte de entradas se ganaron los REVENDEDORES como siempre
1,@Laugamer721 Buenos V√≠deos.Se que llegadas a los 1.000.000 de SUBS. Sigue haci y cu√≠date :v
0,Pinche ex mejor amigo lo odio
2,"- Se√±orita olvid√≥ su bolsa -gracias joven , que puedo hacer por usted ? - avanzar en la fila nada m√°s"
2,Por que soy tan rom√°ntico es lo que m√°s quiero cambiar de mi
2,"No Dennis, no puedes cometer los mismo errores, es hora de cambiar y cometer nuevos errores"
2,@NiceViolette jajaja me toca discurso el jueves! La pr√≥xima te visito
2,"A pesar de nuestras limitaciones humanas, el Se√±or quiere obrar de maneras asombrosas a trav√©s de nuestras oraciones.."
1,Es mi mes favorito del a√±o Diciembre
0,"Vanessa ¬ødonde estas? te extra√±o mucho, ya va ser navidad y necesito verte"
2,Necesito un creador de contenido para mi p√°gina ¬øAlg√∫n interesado?
1,Disfrutando los d√≠as previos de Navidad
2,@chifaentiffanys esas son las √∫nicas zapatillas que traen en mi talla al pa√≠s
2,Ya casi es hora... un nuevo lugar por conocer
2,@Bryanpinarivera @EvaMPT @diegorrc el I no entra en el Machete y el VII tampoco porque a√∫n no se sabe el rumbo de la nueva trilog√≠a
2,Soy el √∫nico de mi prom que no lloro ...
2,Ojal√° todos tuvieran un techo y comida y pasar una buena noche buena
1,"@Pontifex_es feliz cumplea√±os, Su Santidad!.. Un saludo desde Per√∫. Esperamos su pronta visita!.."
2,Todos terminan aceptando que los mejores t√©cnicos estuvieron del 2006 a 2011 la nueva ministra lo confirma
1,"@wendyriveran1 jaja tienes talento para componer canciones eh si terminas la letra me la pasas,me gustar√≠a escucharla"
2,@alexime pero podr√≠as rescatar las cosas buenas que te pasaron √°nimos
2,Que pasada... Buen.. d√≠a seguir el camino.. dormir todo lo que se pueda ... √âxitos... !!
2,"Alg√∫n d√≠a ser√© puntual, hoy NO es el d√≠a"
0,Hacer un inventario forestal es horrible con tanto sol. Me arde todo
2,"No te rindas no.. dale a tu vida otro color, siempre sale el Sol.. una vez m√°s.... lalala.."
0,@sin_queso NOOOO omg siempre me pierdo los mejores fanarts
2,"Suerte que despierto junto a t√≠, suerte que senti lo que sent√≠, Suerte que hay m√°s para conocer Suerte que contigo crecer√©"
2,"Est√° navidad me la pasare durmiendo, para despertar un 26 relajado"
1,"Al parecer si me dar√°n mi canasta navide√±a, aparte de mi panet√≥n y un vino Gracias proveedores Nos engr√≠en m√°s que los jefes"
2,Yo no quise hacerle screen a su snap en serio
1,@PimentelftMe @abdielsmusic yo ni pude ver el live Ten fe que Abdiel es tan lindo que lo hara
1,"estoy viendo The Princess's Man, es uno de los pocos doramas que me ha dejado enganchada con la historia"
0,"Me dijiste que cuando te necesite ibas a estar ah√≠, que cuando est√© triste tmb, en mis peores momentos, donde est√°s?"
2,"Todos vamos a ser puteados ma√±ana, bonita Navidad eh #despedidos"
2,"Lo m√°s probable es que le hable borracha en a√±o nuevo, aprovechando que tambi√©n es su cumplea√±os. Ay"
2,El verano pasado estaba ligerameeente m√°s gordita y la ropa que compr√© ya no me queda igual
2,mi hermoso @jaime_cruzroman esta que hace live en ig y no puedo ver me quiero morir queria un saludo para las @Cruzers_Peru
2,aunque sea una putaaa ajajajaja re desesperado
2,Esta para unos buenos mates y galletitas
2,Lo bueno que m√±n acaba sus finales
2,"@Vanina_lee en realidad si. Clarke aun esta ahi quiero ver q hacen con su personaje, asi q no se q hacer haha"
2,"@JosettyHurtado he tenido una lesi√≥n en la parte baja de la espalda y no puedo hacer ejercisios,q alternativa tengo para bajar de peso"
1,#NavidadQuePone su rico pavito hecho en casa por las santas manos de mi abuela @Studio92 @joannabolona @Sr_Pelaez
2,Un meme de mi√©rcoles para un Per√∫ m√°s consciente #EsNiceSi retuiteas #YoCuidoElAgua
2,@laliespos y yo espero que este disponible para los demas paises
0,"@drhuerta dr que tratamiento,medicina natural..para las alergias como al aire acondionado, o agentes de este tipo..es una pesadilla"
1,@DONOMAR eso sin duda alguna .. con esa voz melodiosa a que ser humano no le podr√≠a encantar.. #TE_QUIERO_SOLITA_PA_MI
1,"@abdielsmusic #TeamAbdiel #barbies no hay mejor cover que este, en realidad todo es hermoso con tu voz"
2,"Vuelvo y repito y reitero: extra√±o mucho snapchat, era mi app favorita"
0,y muchas veces extra√±as a personas que tal vez no te extra√±an
1,Almenos yo no vivo enga√±ada #quebuenovermeahi #happy lo tengo todo
1,Ayer fue mi primera clase de yoga y amanec√≠ demasiado feliz lo que hace el ejercicio @mariedither @uvaslibres
2,"#Pap√°NoelYoQuiero que regrese, pasar los ciclos, y lo m√°s importante, dinero pls ya mucho me ense√±as la humildad"
2,La √∫nica vez que me dorm√≠ sin tener sue√±o y sin ser de noche
1,"@ele417 ahora si quiero llorar ya se termin√≥ ahora s√≠ la u, ya no hay tercera carrera"
0,"PONTE BONITA 5 DE ENERO .. No es Twitter, algo est√° mal con el ht o se hizo spam, ya fue"
2,Y si estoy loco vas a vivir en un manicomio conmigo
1,PPK hizo una menci√≥n especial a todos los j√≥venes que marcharon anoche. La lucha no fue en vano. #MensajeALaNaci√≥n #LaEducaci√≥nSeRespeta
1,"Qu√© bonito sentir que estas aqu√≠, junto a mi"
1,"@ppkamigo Mis Felicitaciones para Usted Se√±or Presidente. Su mensaje fue muy bueno, firme y directo. Mi familia y yo le mandamos saludos!"
1,@AlbertVilella1 Igualmente saludos y muchos √©xitos para el a√±o pr√≥ximo
1,Pero fue bueno improvisadamente bueno.
1,@manuelchaplin ... Buena elecci√≥n! Gracias por empujarme a verla antes que la saquen!
2,"Siempre he pensado que las cosas pasan por algo y bueno, pas√≥. Volvi√≥. Hagamos ese regreso magn√≠fico"
0,Estoy demasiado perdida con todas las colaboraciones de los chicos en los eventos de a√±o nuevo
2,@DanielUrresti1 no sea malo ... Admita que lo hacen reir de vez en cuando
1,@Sari_lm Gracias linda Fel√≠z Navidad!! Disfruta y celebra a nuestro salvador!.
2,"@edwin una pena, en serio, a√∫n no se saben las causas, verdad?"
1,"@chino_padrino gracias, igual para ti, feliz navidad"
0,"No quiero ir a trabajar #domingodechorreo ""descripci√≥n gr√°fica"""
1,"Hoy no es un d√≠a cualquiera, hoy cumplo 2 a√±os con la mejor persona que la vida pudo darme."
0,recuerdo cuando me dijiste que odiabas lo superficial y ahora solo mencionas cuanto dinero ganas y todo lo que te compras
0,√öltimo d√≠a Isla Bonita y mis amigas est√°n tristes por eso las extra√±ar√©
2,@diego_baca jajaja te envidio pd: Felices Fiestas Baquita
1,@camilascookie feliz navidad tu cuenta es maravillosa
2,@CosmiCLuB aunque lo odies... Que tengas una linda noche
1,"Amigos, mi pavo huele buenazo. Y si se lo estan preguntando. S√≠. Es la 1ra vez que lo hacemos."
1,Esas costillitas se ven demasiado buenas... Ya quiero cenar!
1,@EntelPeru ning√∫n inconveniente. Excelente servicio! 4G al m√°ximo... Felices fiestas navide√±as
2,Lo bueno es que el pr√≥ximo a√±o todos los fanboys de Bombama desaparecer√°n para siempre.
2,necesito un hotel barato en trujillo
0,"Y los tres reyes magos llegaron con oro,incienso y mirra Melchoro Alan, Toledo vastadehuasquear y Ollanta nadinevagastar, de odebrechlen"
1,Jam√°s pens√© que el momento en que me tocara dar obsequios a quienes amo ser√≠a tan gratificante. Sus sonrisas lo valieron todo
2,"Y de pronto todo dejo de importarme, y s√≠, as√≠ estuve viviendo feliz"
2,Daniel dice por qu√© aqu√≠ hay esa lluvia as√≠ tan fuerte? En lima solo caen gotitas JAJAJAJAJAJAJA
1,Q lindo y agradable detalle Se ve q me conoces algo
2,El 25 de diciembre es para ver pel√≠culas navide√±as y especiales de navidad
0,"@Kennedyense me pas√≥ lo mismo, el pobre se desorientaba"
2,Escuchar ritmo rom√°ntica va a hacer que me suicide
2,"@amnesico es decir, se estren√≥ en UVK pero nadie sistematiz√≥ taquilla... chamano"
2,"Que lindo el se√±or Gonzalo,invitandonos pollo a la brasa"
2,"@moniescat @empercutio si, desde aqui se te v√© La Fosa de las Bermudas, clarito y con vegetacion"
1,@estoesguerra_tv esto es guerra es el mejor reality
2,@degadiana_ @ErickBrianColon pero no entiendo porque no tiene sonido igual espero que te haya gustado Yo tambien lo amo
1,Nada mejor que pasar ocho horas del d√≠a vi√©ndola sonre√≠r
2,#MiCabalaEs la de mi hno siempre fue correr la primer ola del a√±o para pedirle a Lemanj√° olas todo el a√±o
2,@alevar13 me la pasas? Mi playlist feliz necesita actualizaci√≥n
2,#ParaElProximoA√±oPrometo ser consecuente con la dieta y el treno @Sr_Pelaez @Studio92 @joannabolona
2,"Escuchando la hora ""hot"" de ""qu√© paja"" en radio moda"
2,"@doalcarcarmen de seguro pasear√°s por las vivas calles de New York cada noche! Bueno solo supongo Buenas noches Carmen, que descanses!"
2,"Ya no puedo la broma de ""estoy embarazada"" por el d√≠a de los inocentes."
0,"Me largo de esta red social por unos d√≠as, hasta que encuentre paz"
2,Me alej√© tanto de mis amigas de la universidad por lo que me fui a estudiar de noche y no saben cu√°nto las extra√±o
1,@valejandralb el pueblo crema est√° feliz con lo de Vento!
2,"S√≠, ya tom√© un decisi√≥n y s√© que ten√≠amos planes pero mi futuro es primero"
1,y el video de la campa√±a de este a√±o del juego fue muy bueno pero no lo tengo
2,@blueHyoMi i lleva mucho sin actualizar? ahora sucede que me enamoro del fic y lo dejan abandonado
2,"@AlvaroThais @Angelpaezs por eso la pregunta es v√°lida... aunque Fuji nos diga ""yuca pa' ti"""
2,"No quiero saber c√≥mo quedaremos en la copa libertadores #futbol a prepararse bien, la plata no llega sola"
0,@Cirribarren1924 @saravia_caro @rodobarriosayon No puedo ver esas mariconadas.
0,Lo incre√≠blemente rapido que se ha esfumado mi dinero y todav√≠a falta a√±o nuevo.
2,Ya acab√© mis pendientes pero espero comida que invita la chamba
0,Feo es estar enfermo con gripe a esta alta temperatura de tarapoto
2,@74evmm callate que esos son mis descargues en la choza jajajaja y aun tienen que esperar otro poquito mas
2,"-hola, quiero pagar la renovaci√≥n del dni. -el azul? -si jajaja Alto martes se√±oreeessss!"
0,2016 por qu√© simplemente no te vas de una buena vez
0,"Lo peor es q las chicas piensan q es chiste, claro como no es chongo de ellas fresh, yo cargo con todo"
2,"@brayamqq es chevre las letras!! sabes q dia es ma√±ana,...."
2,"@DraMonicaAF noooo, para nada, bueno fuera En serio? Cuanto le quieren cobrar?"
2,@LizzRDavila ayudanos #QueremosERDLalas930pm rt solo rt no des me gusta plis
1,@MrGaryGamingYT eres el putisimo amo v:
2,Siempre que estoy triste convierto ese sentimiento en c√≥lera y s√≥lo grito y grito
0,@ximealomia @RPPNoticias @Radio_Oxigeno la que acabo de poner es peor
2,"@val05r ac√° tienes un excelente abogado Dr Zamorano a sus servicios para el 3, ya que pagan viernes"
0,La operaci√≥n de Carmen me tiene muy triste
1,Ahora que soy @bitelperu todo es m√°s bonito.
0,"Amigos la depilaci√≥n con hilo DUELE COMO MIERDA, soy demasiado marica para esas cosas de mujeres"
1,Acampar es de mis actividades m√°s favoritas del mundo mundial
1,Acabo de ver a Aldo en Plaza. Que churro es ese chico. Es lo √∫nico que voy a extra√±ar del trabajo
2,@catherinecerpa con todas las cremas jajaja tmr tengo hambre jajajsjs
0,a mi mejor amiga no le gusta el ceviche ni los makis y me siento frustrada porque no podemos ser BUENAS mejores amigas
0,Yo los vis hace dos d√≠as. Todos los perritos luc√≠an tristes y en p√©simas condiciones Qu√© bueno los hayan rescat‚Ä¶
0,@californiaLA70s igual ese proyecto de ley no va a progresar as√≠ que anda ve a llorar al r√≠o pobre moralista y triste animal jajaja!
2,@meiermq y mejor seria si le en cuentan a un Ramirez.
2,@tresciente a m√≠ tambi√©n; no lo he probado como para opinar
1,Que bonita tarde noche de regalos
2,No s√© si soy exagerada.. no es el fin del mundo pero yo necesito un trago para pasar todo esto. Necesito estar tranquila
2,"Yo quer√≠a para navidad la jodida mascara de Buckethead, pero todos piensan que es un regalo de mrd"
1,"@SparkGuns @JuanetedeLolo Cuando sea mayor de edad y mi viejo me deje tomar con adultos, jajajajajajajaja"
2,@lasabesaba una gran oportunidad para que disfrutemos (con @NaomiZamudio97 ) de su trabajo...
1,Fue un buen momento en familia
2,@alvarezvigo12 jajaaja no es real jaja son canciones nomas
1,El bolso que le he comprado est√° hermosooo! Me lo quiero quedar
0,"No tener sue√±o e ir a molestar a mis hermanas a su cuarto. Hoy nos quedamos hablando hasta el amanecer, ya la vi"
2,Camino a casa solo fueron 3 chelas
0,@zinoscrew por que piscis al ultimo porq
1,"El porno es motivaci√≥n, no lo pueden prohibir"
1,"@emy_9810 jajajaja ya con menos carga es mejor , relajas mas"
0,@Kyarahidalgo la triste historia de mi vida
0,Hoy no es un buen d√≠a para mi
2,"@barbaycanas es que ya no era necesario llamar ,ya sabiamos lo que espera ,la proxima sera"
2,cuando est√°s conversando de la m√°s tranquila y te hacen recordar que mataron al perro de majin boo
1,"Buenos d√≠as, esta noche es noche buena, Feliz navidad para todos"
2,"Pero qu√© rico es dormir hasta las 9'41 am , te sientes tan vago"
1,Es incre√≠ble que ahora entro a wpp solo para el trabajo
2,@bukanoyt Felices Fiestas Bukano. Que la pases bien.
0,C√≥mo me desean feliz navidad si trabajo en 3 horas (?)
0,La ex de mi hno es una hereje y comparte el meme profano de @jitanjafora_
0,extra√±o cantar todas las de @CNCOmusic con esta estupida @99Allison11
2,@Artux_Creed #senpainavide√±o ARTUX ME VOY A BA√ëAR SALUDAME!!!! PLISS!!!
1,@hebelcm Jajajaja te har√© escuchar mejores frases
1,"No pues, qu√© ch√©vere a ver si le pasa lo mismo al pr√≥ximo practicante. Pr√°cticas + Tesis + curso extra."
2,"@Jimmyenlanada @RobustControl @lito0404 y bueno si me olvido de alguien pues lo lamento, soy mal amigo. Feliz noche."
2,Ahora adelante va ser diferente y a mi modo ..voy ser muy fria ..hasta q te duela ..y te daras cuenta
2,@elhigadodmarita Feliz Navidad Marita... Un fuerte abrazo
1,@WhiteLither Feliz Navidad Felino!!! Jaja! Saludos y abrazos a la familia!
1,Lo bueno de esta Navidad es que la pase junto a JC y mi mam√° lo conoci√≥ en persona
0,3 dias para a√±o nuevo y pierdo todo
2,"@JulyyH18 Bye amigaa p√°sala bonito y aprende mucho para que de ah√≠ me ense√±es jajajaja, espero verte prontito"
2,@catiquinto feliz dia de los inocentes... por otro lado tienes tiempo pa salir
0,La ptm no supero lo de ayer Mi a√±o nuevo se fue a la mrd
2,@elhigadodmarita me agarran de buen humor por fin de a√±o.
0,He subido 3 kilos OMG !!!! Son los resultados de la navidad
0,"@RecuerdosPeru sus valores ""procatolicos"" no concuerdan con su evidente machismo"
2,Ya quiero empezar a dibujar cuerpos desnudos de mujeres
2,"La √∫nica gran verdad, es que no terminas de conocer a las personas. #BuenDiaATodos"
0,"Maldito gordo, creaci√≥n de coca cola :v #feliznavidad"
0,@elrifle @JessicaSolano la costra me da cosas. Pero qu√© lindo por la enfermerita.
0,"Estomago perd√≥n por las mariposas Almohada perd√≥n por las lagrimas Coraz√≥n perd√≥n por las lagrimas Cerebro, tenias raz√≥n"
2,Hoy es el √∫ltimo taller de a√±o
2,te seguir√≠a por twitter pero ya ser√≠a demasiado obvio mejor as√≠ queda
0,#LaPoderosaKeiko solo puede tener poder en el 4to pa√≠s m√°s ignorante del mundo: Per√∫
2,No deber√≠a estresarme. No es bueno en mis condiciones
1,DEMASIADO buena la nota de @ELSEIJITAS - reviv√≠ mi ni√±es y adolescencia con esos comerciales y series en edici√≥n navide√±a #LaBater√≠a
0,Lo √∫nico malo de salir sin maquillaje es que no te mancho con mi labial
2,Noche de pisco sour + pel√≠culas con mi flaco
1,DEMASIADO buena la nota de @ELSEIJITAS - reviv√≠ mi ni√±ez y adolescencia con esos comerciales y series en edici√≥n navide√±a #LaBater√≠a
0,"@JJNL21 siii a estar asustada, pero son horribles estos dolores ni modo"
1,@AntuanetGalvez have fun Antu! Los mejores deseos
0,Y ya no s√© si soy Kaf o la mujer llena de puntos rojos Esto ya no me gusta
1,Tengamos un d√≠a lleno de magia y lindos momentos
1,Que lindo d√≠a el de hoy
2,cuando escucho everything is awesome recuerdo mis d√≠as en üá®üáø con el buen Joshua
2,@edwin jajajaja con tanta tecnolog√≠a las pilas salen caras por lo menos te ahorraste en regalos!
2,El tiempo de Dios es siempre correcto; espera con paciencia que √âl act√∫e.
0,"Desesperada estoy, trabajar√© en cualquier cosa"
2,@NaomiViera1 yo no puedo ver su ig story
2,"√âl pregunt√≥ primero, una solo es educada"
0,"se acaba el 2016 y con √©l, el internet gratis de movistar 4G"
1,"Antes de dormir quiero decir que fue una Navidad muy pero muy linda, estoy feliz. Buenas noches"
1,"@vivianarojasv feliz navidad Vivi, que lo hayas pasado bonito con todos tus seres queridos"
2,Lo mejor es que nunca me doy por vencido
0,Gente que tiene las posibilidades de ayudar y no lo hacen por taca√±os. Espero que alg√∫n d√≠a se les regrese
1,@carlonchodemoda buena fotito people un abrazo hacen un buen programa
2,Cansada y con dolor de cuello perooooo contenta
2,Extra√±o tener a mis padres juntos
2,No todos son Imeldos navide√±os en esta √©poca #Imelda #torta #queque #morado‚Ä¶
2,"@cantouchth no te disculpes por ser t√∫ misma, eso est√° genial, en serio"
0,"@Lourdessipion osea yo no tuve feliz navidad, porque dormido desde las 11 hasta hace un ratito"
0,Como me pude negar subir a un bmw deportivo
2,"@chifaentiffanys Fue tu cumplea√±os ayer? Ni te hab√≠a visto activo, jeje. Feliz cumple atrasado"
2,@Kloz234456 Al menos no quedan en rid√≠culo como estos dudes
1,Hoy pasaremos una hermosa tarde con ellos #ShowNavidad #CasaHogarMam√°Victoria
0,@MathiasBrivio que espanto! Algo m√°s debe tener esa Agua estoy segura
2,Es casi medio d√≠a y ya tengo todo
2,"Mis amigas me preguntaban ¬øque te pasa? Y yo les dec√≠a estoy re dormida ,SIN DUDAS NECESITABA UN DESPERTADOR"
2,Como regalo de Navidad solo quiero el flotador de unicornio
2,#90FelizNavidad Saludos para todos en especial para mi familia
2,"Alucina. De todos modos, no arruinar√° mi linda noche buena, a lado de mi fam. @Elicrema"
2,@Vere_MC disculpas aceptadas (chiechie) espero que te haya gustado el regalo si es que ya lo viste.
2,De mi balc√≥n veo pasar pavos horneados y j√≥venes horne√°ndose
1,"Amigos, acabo de comer relleno es la cosa m√°s deliciosa del mundo mundial Ô∏èÔ∏èÔ∏èÔ∏è"
2,Otra navidad m√°s sin ti mamita maria
2,@Militadq no ayudas ya voy.. y tomo foto para mostrar
2,"@cachetotesrosa pero tranquila, me meti√≥ al poro no a donde piensas *maldito corrector*"
2,me olvide de un peque√±o detalle y ahora debo ir a Wong
2,#UnLugarEnMiMesa A todas las personas que fueron el mejor respaldo este 2016 Sobre Todo A Ti AMOR
0,@Danaloby Gente como tu mediocres y matoncitos. Que se puede esperar de los fujiratas.
2,@BonitaAngelique solo dormire dos horitas bueno yo me lo busque
1,Ustedes siempre han sido lo m√°s bonito de mi a√±o. Anita y Amaya
1,Ser el villano de la pel√≠cula es lo mejor
2,"#As√≠MeDuela , tendre que comer el pavo , aunque en verano este gordita"
2,"@skparedes @SheyJacobo y eso que es el primer dia , ma√±ana con fe"
2,Cinco a√±os no son en vano
0,¬øHabr√° algo peor que no traer los aud√≠fonos a la chamba? Estoy muriendo lentamente
2,@mrdanterossi b√°√±ate con agua fr√≠a para que la temperatura de tu cuerpo sea menor que la del ambiente
0,Lo peor que puede existir es decepcionar a alguien que quieres
2,@NoraArcila khaaaa? Ese concierto ha sido m√°s publicitado que la campa√±a de Keiko... pero... pobreza
2,"@JulianZucchi FELIZ CUMPLEA√ëOS JULIAN Z ! q Dios te bendiga much√≠simo, un fuerte abrazo desde Huacho"
2,Miraflores dime que dentro de ti hay buenos polos
1,"Se acaba un buen a√±o, y va empezar uno mejor, siempre con la.bendici√≥n de Dios"
2,Y bueno las cosas llegan cuando no las dices..... recierto
0,"Este d√≠a sera, muy pero muy largo .."
2,A√∫n en mi #studio trabajando... soy el √∫nico creo
0,"Por quedarme dormida, me perd√≠ el feeling del momento"
2,"@milatuesta @marisolmelissac @sinparada Las extra√±o, cuando un skupe grupal"
2,@Madrebeagle jajajaja fui el primer fav de Od√≠n con cotill√≥n
2,Haikyuu deber√≠a tener alrededor de 4400 cap√≠tulos para vivir feliz hasta los 95 a√±os
1,"El √∫ltimo d√≠a de trabajo, al fin"
0,En serio que feo ir al mall este d√≠a. Ma√±ana seguro estar√° peor.
1,Q reviente es ese #Dmitri A mal tiempo Buena cara Lo q hace la felicidad
2,@JaquelinR5_ @rylandlynch jajaj ojala y conteste el pendejo andar√° con una resaca pero de las buenas
2,@chicoretraido Hay dos. Y el pr√≤ximo a√±o megaplaza
1,"Un 'te quiero preciso y sincero, qu√© m√°s para decir que el a√±o no termina mal"
2,"#2017prometoque recuperare estado fisico, seguire amando y respetando a mi @_adrianaquevedo y veere todos los dias @CombinadoPTV"
1,"@PierinaMz Los m√°s buenazos, son los medio gruesitos y cortados de forma vertical. Seg√∫n yo."
2,"Ya d√©jalo, ya est√° muerto :v @AlanGarciaPeru @DiarioDeCurwen"
2,#SOOMPIAWARDS #TeamE que al menos no bajen del tercer lugar
1,@camilacabello97 siempre junto a ti espero verte en peru denuevo como solista
2,@ivonnearce_ y yo a Joel solo lo vi 3 segundos y ni foto tengo
2,2 meses que parecen una eternidad. no sabes como me haces falta mi querida abuelita
2,Imposible no subir de peso aqu√≠ ( Chiclayo y sus comidas )
1,Pero tambien ha sido el a√±o en el cual mas he viajado y conocido personas excelentes
2,y pues bueno seguiremos mirando pelis de terror
0,@ConsejodePata lcp te da solo una galleta rellenita de 30 c√©ntimos y un vasito de cifrut
2,Que vuelvan peluchin y gigi urgente
2,1er d√≠a del 2017 entrenando... Este horario es de ptm lamentablmente s√≥lo es una ilusi√≥n #bodytech
2,Hize mal en ba√±arme tarde.... #VideoMTV2016 @AbrahamMateoMus pero asi enfermita y todo siempre apoyandotee¬°¬°¬° *emoji enamorado* jiji
2,3 chifas el primero de enero del 2017 bye al cuerpo de 25 a√±os
1,"@_josejones reci√©n me levanto, es un d√≠a muy bonito sin sol"
2,Quiero comer algo rico pero no hay con quien salir #foreveralone
1,@AlissonAyala que lindo saberte. Un abrazote! Feluz 2017
1,"@marialeege en inter encuentras de todas las formas, pon piscinas empotradas u enterradas y ya est√°"
1,Mi hermano est√° templadaso y se me hace tan lindo
2,Si pues; el da√±o me lo hago yo mismo
2,No me molestar√≠a si me quieren regalar una camara polaroid ah
0,"@Debbiesape Falta que te acostumbres m√°s seguro p, salir de d√≠a es un suicidio"
1,"@IkebanaBlossom Yo, he probado con pisco, y buenazo tmb, ah."
2,"El era como un profe de ingles gratis para mi , noooooo #VideoMTV2016 @AbrahamMateoMus"
2,"Despues de muchos a√±os, pudimos reir por un buen par de horas.."
2,"Se vieneeeeela lluviaaaaa, es hora de ir a casa y yo que quer√≠a m√°s chilcanos"
2,Despu√©s de algunos a√±os pasar√© el a√±o nuevo con mis pap√°s
0,No es posible que justo hoy me sienta enferma.
1,"Estoy seguro de que todo va a salir bien, suerte viejita"
2,"Tanto ritmo en el restaurant #DonMarcelo Si vienes a #Cusco, no olvides visitarlo @ Plaza de‚Ä¶"
0,Me muero de sue√±o. Es demasiado tiempo sentada
0,"Hago un favor y me reclaman y quejan, cl√°sico"
1,Hoy so√±√© que @wendyvasquezl era mi profe de actuaci√≥n y fui extremadamente feliz.
0,"Somos los √∫nicos webones que siguen trabajando, ya todos se fueron"
0,Aun en la oficina...que triste mi vida
2,@MemesDelPeru tal cual csm @ClaroPeru hazte una y alarga la vigencia del 4G ilimitado
0,"Como cuando te sientes fea, gorda y sin plata"
2,Solo que me inviten un almuerzito o dos que me quedo misia
0,@5nfidente No. Era sad y soy bien marica con esas cosas.
2,Ma√±ana es a√±o nuevo y yo sin planes
0,"No puedo dormir, lo malo de dormir Por la tarde"
1,@DaMimster es una de las cosas m√°s lindas que te ense√±a la vida
0,√âl es un claro ejemplo de pendejo.
2,@_josejones anturio! En el mercado de flores de Barranco
2,"@rojozapatito desp√≠dete de todos, des√©ales feliz a√±o y bye bye"
2,@Agustozuloeta con todo. Debe ser un buen 2017. Abrazo
2,"@cachetotesrosa ahora ya estoy un mejor, pero tendr√© que regresar a la clinica en la semana"
1,@Aldocejota Ese es el mejor chiste de a√±o nuevo
1,@AdrianaR5_ yo tambi√©n pens√© lo mismo gracias a Dios siguen juntos
2,@chifaentiffanys no soy emo!!!! ‚Ä¶ feliz a√±o!!
2,Sal√≠ por fin!!!! Ahora a grabar y luego stand up #QuieroUnShilcano
2,"A√±o nuevo ? Si? En mi cama, durmiendo ."
0,El apag√≥n de ayer mas mi estado alucin√≥geno = La guerra de los mundos
2,me llevo bien con los ex de @_adrianaquevedo jaja hasta jugamos pichangas @CombinadoPTV #yosupereamiex
1,Tuve un sue√±o muy muy lindo y hoy ando con todas las ganas
0,"@Monilict nada peor que tu stalker sea tu colega. Orden de restricci√≥n, nom√°s"
0,"@DraMonicaAF Pero, baby. Todos merecemos una oportunim√°ndaloalamierda."
2,"Como te elicas algo que no viste venir, ¬øC√≥mo?"
0,Me sancocho csm si las van tendr√≠an ventana todo seria mejor
2,"Voy a cambiar mi vida, dejar√© de salir por un buen tiempo"
0,"Ahora s√≠ conejito, ll√°mala y m√°ndala a la mierda de mi parte"
1,Lo bueno de la vida es que te hace coincidir con personas realmente incre√≠bles
1,@Zick eres el mejor porfavor saludame en un video de plantas vs zombies heroes porfi
0,Sacaron Gilda de cartelera Odio la cartelera peruana.
2,@Joustinrs asi es la vida del adulto hermanito buenas vibras
0,"Mal momento para tomar caf√© caliente, no dejo de sudar, co√±o"
2,@ilazo @lorenadcw no tengo cat√°logo de modelos de polvos azules amiga
2,Los veo muy felices???? Ya sepesaron? #LaVidaEsCruel
2,Y si vieras todas las heridas internas quiz√°s entonces me entiendas
2,"@AggroQueenFay Solo fui a una de sus presentaciones 30 minutos, comprendeme"
2,@FotoCalato @cinencuentro gracias por apoyar al cine hecho en las regiones
2,no puedo dejar de escuchar wham! alguien ay√∫deme
2,"@Madame36 Martita mi pueblo es impredecible, coma sopa seca con carapulcra"
0,@discolocontilde tanto as√≠? en claro no hay cobertura por mi casa
0,"Terminar√°n odi√°ndome, como casi todos los padres que me conocen"
2,Necesito urgente entrar a la gimnasia y al gimnasioo
2,Lo que me recuerda que @edvergaray me criticar√° de seguro
